material_type,strength_mpa,weight_capacity_kg,biodegradability_score,co2_emission_score,recyclability_percent,cost_per_kg,co2_impact_index,cost_efficiency_index,durability_score,sustainability_score,material_suitability_score
Sugarcane Bagasse,27.48,9.72,9.73,1.18,87.03,49.36,-25.282999999999998,-3.2560000000000002,18.6,38.46800000000001,21.525800000000004
Biodegradable Plastic (PLA),42.9,14.3,8.53,2.95,81.65,90.62,-22.43,-10.508000000000006,28.6,35.482,21.608999999999998
Cornstarch Packaging,32.68,10.6,8.9,2.29,73.64,94.56,-20.488999999999997,-18.216000000000005,21.64,32.55800000000001,16.714000000000002
Palm Leaf Packaging,19.94,10.63,9.29,0.99,90.93,87.11,-26.586,-22.880000000000003,15.285,39.89000000000001,17.2937
Cornstarch Packaging,35.34,7.73,9.27,1.57,77.15,88.53,-22.046,-14.207999999999998,21.535000000000004,34.254000000000005,18.304300000000005
Cornstarch Packaging,32.0,11.12,9.39,2.16,67.44,104.76,-18.72,-22.704000000000004,21.56,30.3,14.761199999999999
Molded Pulp,32.0,11.12,9.39,2.16,67.44,104.76,-18.72,-22.704000000000004,21.56,30.3,14.761199999999999
Biodegradable Plastic (PLA),39.11,8.34,8.91,2.28,75.93,89.24,-21.183,-12.23,23.725,33.480000000000004,18.9521
Sugarcane Bagasse,28.69,10.34,9.09,0.86,85.59,59.52,-25.075,-6.594000000000005,19.515,37.70000000000001,20.8607
Molded Pulp,28.69,10.34,9.09,0.86,85.59,59.52,-25.075,-6.594000000000005,19.515,37.70000000000001,20.8607
Seaweed-Based Film,17.61,8.56,9.83,0.99,88.65,72.56,-25.902,-18.458000000000002,13.085,39.194,17.1725
Glass (Recycled),72.59,23.07,1.15,5.48,98.86,43.97,-25.822,25.966,47.83,38.908,36.379000000000005
Aluminum (Recycled),100.31,35.59,1.66,7.15,96.79,134.63,-24.032,6.333999999999996,67.95,37.95000000000001,37.843199999999996
Cornstarch Packaging,36.66,14.93,8.93,1.6,71.22,96.26,-20.246,-16.508000000000006,25.794999999999998,31.740000000000002,18.0081
Jute Fiber Packaging,35.25,17.07,9.83,1.18,86.2,64.26,-25.034,-4.554000000000006,26.16,38.17600000000001,23.3968
Cornstarch Packaging,36.81,16.61,9.5,2.24,75.45,101.38,-21.067,-18.465999999999998,26.71,33.532000000000004,18.592800000000004
Recycled Paperboard,23.26,8.4,8.13,1.61,93.61,28.74,-26.956,2.460000000000001,15.830000000000002,40.374,22.744400000000002
Biodegradable Plastic (PLA),42.39,10.45,8.8,1.62,70.8,88.06,-20.105999999999998,-9.790000000000003,26.42,31.516,19.444
Glass (Recycled),77.32,26.64,2.61,4.28,99.46,50.79,-26.842,26.075999999999993,51.98,39.971999999999994,38.1692
Corrugated Cardboard,20.89,8.34,7.96,1.54,92.27,37.91,-26.602999999999998,-2.629999999999999,14.615,39.784,21.1143
Mushroom Packaging (Mycelium),25.03,9.53,9.42,0.88,86.56,60.26,-25.352,-9.085999999999999,17.28,38.216,19.902
Cornstarch Packaging,34.19,13.21,9.17,2.55,72.27,128.59,-19.895999999999997,-30.922000000000008,23.7,32.066,14.524599999999996
Cornstarch Packaging,25.41,11.92,8.87,1.56,77.19,105.13,-22.065,-26.806,18.665,34.112,14.884900000000002
Biodegradable Plastic (PLA),34.04,12.9,8.69,2.23,84.71,92.1,-23.851999999999997,-16.415999999999997,23.47,36.914,19.6024
Bamboo Fiber,36.57,15.26,8.86,1.34,88.68,62.65,-25.666000000000004,-3.118000000000002,25.915,38.748,23.9085
Compostable Mailer,37.93,18.57,8.62,2.75,71.42,89.33,-19.500999999999998,-12.974,28.25,31.465999999999998,19.2202
Cornstarch Packaging,35.5,10.49,9.38,1.52,75.24,91.32,-21.508,-15.227999999999998,22.995,33.544,18.2177
Bamboo Fiber,27.75,14.42,9.54,1.13,94.37,52.75,-27.52,-4.450000000000003,21.085,41.33800000000001,23.3409
Recycled PET (rPET),50.3,18.71,4.77,4.32,78.87,109.8,-20.637,-13.740000000000006,34.504999999999995,32.592000000000006,21.5085
Seaweed-Based Film,26.14,12.61,9.53,0.89,86.21,93.83,-25.239999999999995,-21.848000000000006,19.375,38.118,17.926299999999998
Mushroom Packaging (Mycelium),26.3,11.56,9.34,0.98,94.44,93.83,-27.645999999999997,-21.752000000000002,18.93,41.316,19.252599999999997
Recycled Paperboard,23.75,9.69,8.78,1.27,82.42,38.48,-23.837,-1.1419999999999995,16.72,36.226000000000006,20.422800000000002
Molded Pulp,23.75,9.69,8.78,1.27,82.42,38.48,-23.837,-1.1419999999999995,16.72,36.226000000000006,20.422800000000002
Seaweed-Based Film,26.47,8.57,9.01,0.83,92.13,81.51,-27.058,-16.72200000000001,17.52,40.29,19.410199999999996
Mushroom Packaging (Mycelium),19.04,11.31,9.71,0.89,89.23,84.79,-26.146,-22.492000000000004,15.175,39.398,17.1027
Mushroom Packaging (Mycelium),29.82,10.83,9.66,1.15,86.22,62.06,-25.061,-6.932000000000002,20.325,38.122,21.159899999999997
Recycled Paperboard,20.33,7.37,9.45,1.51,93.38,34.47,-26.957,-1.5900000000000016,13.85,40.83,21.477399999999996
Seaweed-Based Film,25.07,12.91,9.58,1.09,87.54,83.35,-25.499,-18.297999999999995,18.990000000000002,38.63,18.726200000000002
Biodegradable Plastic (PLA),29.65,13.45,9.72,2.93,83.3,98.51,-22.939,-21.614000000000004,21.549999999999997,36.622,17.7166
Cornstarch Packaging,37.37,11.78,9.75,2.78,70.89,99.25,-19.320999999999998,-17.278000000000006,24.575,31.7,17.2911
Recycled PET (rPET),52.32,23.43,2.51,3.84,89.04,110.88,-24.024,-12.960000000000004,37.875,35.852000000000004,24.330899999999996
Bamboo Fiber,28.46,13.46,9.42,1.49,86.4,60.37,-24.877000000000002,-7.071999999999999,20.96,38.03,21.258000000000003
Bamboo Fiber,33.43,14.68,9.55,1.32,88.59,55.87,-25.653000000000002,-2.289999999999999,24.055,38.992,23.5867
Seaweed-Based Film,27.58,11.03,9.87,1.43,91.65,70.09,-26.494,-11.488000000000003,19.305,40.322,20.8893
Cornstarch Packaging,37.85,15.41,9.41,2.69,82.8,96.9,-22.957,-16.050000000000004,26.630000000000003,36.346000000000004,20.2742
Jute Fiber Packaging,28.91,12.29,9.37,0.92,89.66,60.85,-26.254,-6.994000000000003,20.6,39.428,21.8604
Palm Leaf Packaging,28.43,6.77,9.03,0.73,95.69,61.61,-28.195999999999998,-7.586000000000002,17.6,41.742000000000004,21.9246
Biodegradable Plastic (PLA),35.32,8.77,9.5,1.82,77.46,84.27,-21.963999999999995,-12.515999999999998,22.045,34.42,18.829100000000004
Glass (Recycled),70.36,21.74,2.08,4.96,98.63,59.52,-26.116999999999997,18.407999999999998,46.05,39.292,34.5076
Molded Pulp,70.36,21.74,2.08,4.96,98.63,59.52,-26.116999999999997,18.407999999999998,46.05,39.292,34.5076
Palm Leaf Packaging,14.87,10.37,9.8,0.92,90.71,44.71,-26.569,-8.962000000000002,12.62,40.02,19.3134
Biodegradable Plastic (PLA),37.52,14.6,9.03,1.76,68.13,92.51,-19.206999999999997,-14.492000000000004,26.060000000000002,30.511999999999997,17.914599999999997
Cornstarch Packaging,43.83,13.21,9.36,1.92,84.1,116.89,-23.885999999999996,-20.458000000000002,28.52,37.0,20.3416
Corrugated Cardboard,29.37,11.06,8.34,1.4,85.34,36.37,-24.622,3.074,20.215,37.192,22.7613
Cornstarch Packaging,37.22,14.32,9.12,1.65,74.83,103.67,-21.293999999999997,-19.136000000000006,25.77,33.25,18.1376
Mushroom Packaging (Mycelium),23.74,7.5,9.4,1.19,93.26,42.72,-27.145000000000003,-2.844000000000003,15.62,40.826,21.794
Biodegradable Plastic (PLA),42.21,7.69,9.15,2.78,78.17,88.15,-21.505000000000003,-9.934000000000005,24.95,34.372,20.110799999999998
Palm Leaf Packaging,26.0,8.8,9.03,1.17,97.22,74.53,-28.346999999999998,-14.212000000000002,17.4,42.266000000000005,20.7268
Aluminum (Recycled),105.86,22.57,1.19,8.09,99.71,145.44,-24.249999999999996,5.339999999999996,64.215,38.742,36.805099999999996
Palm Leaf Packaging,26.4,8.75,9.07,0.96,95.98,41.4,-28.122,-0.7200000000000006,17.575,41.828,23.301300000000005
Jute Fiber Packaging,29.64,15.55,8.68,1.32,91.29,67.55,-26.463,-9.236,22.595,39.724000000000004,22.1411
Recycled Paperboard,25.44,10.26,8.06,1.34,91.26,37.1,-26.44,0.4239999999999977,17.85,39.46000000000001,22.565800000000007
Compostable Mailer,34.9,12.35,8.98,2.66,71.82,126.54,-19.683999999999997,-29.67600000000001,23.625,31.788,14.625499999999997
Biodegradable Plastic (PLA),33.91,15.3,9.48,2.63,67.06,125.13,-18.276999999999997,-29.706000000000003,24.604999999999997,30.090000000000003,14.122699999999998
Recycled Paperboard,26.92,9.04,8.14,1.92,85.84,25.16,-24.407999999999998,6.088000000000001,17.98,37.208000000000006,22.655600000000003
Recycled Paperboard,23.97,8.74,9.4,1.66,89.48,31.73,-25.682000000000002,1.6899999999999995,16.355,39.22,22.146900000000002
Recycled PET (rPET),48.96,15.14,4.02,4.13,86.87,113.69,-23.17,-16.1,32.05,35.53,21.688000000000002
Aluminum (Recycled),89.88,24.62,0.59,8.1,97.21,165.51,-23.493,-12.275999999999996,57.25,37.5,30.6684
Aluminum (Recycled),81.75,28.07,0.71,8.52,98.09,134.04,-23.463,-4.5660000000000025,54.91,37.816,31.5972
Glass (Recycled),71.96,22.47,1.15,5.23,98.53,41.63,-25.897999999999996,26.523999999999994,47.214999999999996,38.82600000000001,36.2967
Bamboo Fiber,26.21,8.78,9.72,1.47,94.86,65.07,-27.429,-10.302,17.495,41.538000000000004,21.1353
Recycled PET (rPET),50.69,19.15,4.33,3.84,81.36,117.19,-21.72,-16.462000000000007,34.92,33.508,21.580000000000002
Bamboo Fiber,31.92,9.99,8.52,1.18,85.56,52.38,-24.842,-1.8000000000000007,20.955000000000002,37.39600000000001,22.1137
Aluminum (Recycled),93.23,25.04,1.62,8.17,99.81,144.99,-24.223999999999997,-2.058000000000007,59.135000000000005,38.93800000000001,33.8551
Glass (Recycled),75.52,22.99,1.45,5.44,95.06,59.4,-24.71,21.551999999999996,49.254999999999995,37.516,35.283699999999996
Seaweed-Based Film,26.12,10.03,9.07,1.14,97.6,71.39,-28.482,-12.884,18.075,42.44,21.274099999999997
Biodegradable Plastic (PLA),42.26,14.88,9.09,2.44,76.69,125.06,-21.299,-24.668000000000003,28.57,33.824000000000005,18.044400000000003
Recycled PET (rPET),68.14,16.77,2.83,3.28,81.96,100.6,-22.291999999999998,0.6439999999999984,42.455,33.26,27.3017
Palm Leaf Packaging,21.2,10.3,9.97,1.49,94.08,72.17,-27.181,-16.148000000000003,15.75,41.321999999999996,19.328199999999995
Sugarcane Bagasse,29.75,8.85,9.68,0.83,96.84,89.35,-28.471,-17.890000000000004,19.3,42.44200000000001,20.6388
Compostable Mailer,28.4,17.49,9.71,2.8,65.9,81.32,-17.81,-15.488,22.945,29.684000000000005,16.2531
Biodegradable Plastic (PLA),40.9,10.59,9.78,1.73,76.88,99.04,-21.852999999999998,-15.076000000000008,25.744999999999997,34.318000000000005,19.374299999999998
Sugarcane Bagasse,24.43,12.48,9.41,0.92,85.73,91.88,-25.075000000000003,-22.094,18.455,37.87200000000001,17.4943
Bamboo Fiber,32.02,13.14,9.65,1.47,93.5,54.95,-27.021,-2.7680000000000042,22.580000000000002,40.966,23.9144
Aluminum (Recycled),79.32,29.15,1.93,8.21,96.14,156.87,-23.095,-15.156000000000013,54.235,37.586,29.134099999999993
Biodegradable Plastic (PLA),27.33,15.83,8.65,2.51,75.41,118.62,-20.866,-31.050000000000008,21.58,33.122,14.3738
Jute Fiber Packaging,36.72,13.2,9.33,1.24,93.77,58.07,-27.262999999999998,-1.1960000000000015,24.96,40.992000000000004,24.999000000000002
Biodegradable Plastic (PLA),38.23,16.11,9.42,1.82,67.73,80.73,-19.044999999999998,-9.354000000000003,27.169999999999998,30.496000000000002,19.237999999999996
Bamboo Fiber,36.23,7.72,9.09,1.16,94.04,56.97,-27.4,-1.0500000000000043,21.974999999999998,41.02000000000001,24.1685
Mushroom Packaging (Mycelium),32.51,10.15,9.4,1.2,96.21,96.97,-28.022999999999996,-19.282000000000007,21.33,42.004,20.748399999999997
Sugarcane Bagasse,16.48,9.89,9.46,1.48,91.4,59.73,-26.384,-14.004,13.185,40.048,18.445899999999998
Corrugated Cardboard,19.09,10.34,7.65,1.3,81.92,27.28,-23.666,0.541999999999998,14.715,35.568000000000005,19.9265
Compostable Mailer,36.83,9.18,8.74,2.02,82.94,103.7,-23.467999999999996,-19.382000000000005,23.005,36.268,18.5991
Seaweed-Based Film,20.07,11.01,9.19,0.73,87.2,56.72,-25.649,-10.646000000000003,15.54,38.410000000000004,19.1856
Sugarcane Bagasse,24.46,7.93,9.21,0.99,91.54,81.42,-26.769,-17.892000000000003,16.195,40.102000000000004,18.664500000000004
Seaweed-Based Film,21.5,10.43,9.87,1.44,85.79,56.61,-24.729000000000003,-9.744000000000002,15.965,37.976000000000006,19.1793
Jute Fiber Packaging,34.46,15.27,8.78,1.03,88.7,59.69,-25.889,-3.200000000000003,24.865000000000002,38.786,23.633100000000002
Cornstarch Packaging,27.42,16.1,9.1,2.62,65.73,92.62,-17.885,-20.596,21.76,29.408,14.808200000000001
Sugarcane Bagasse,27.88,10.62,9.51,1.13,86.39,66.84,-25.125999999999998,-10.008000000000006,19.25,38.13400000000001,20.2388
Jute Fiber Packaging,25.57,13.61,8.9,1.13,85.2,56.44,-24.769,-7.234000000000002,19.59,37.41400000000001,20.608200000000004
Recycled PET (rPET),51.12,15.67,2.36,4.34,83.9,110.37,-22.132,-13.476000000000006,33.394999999999996,33.636,21.8405
Seaweed-Based Film,24.96,12.96,9.09,1.13,92.63,84.73,-26.997999999999998,-18.916000000000004,18.96,40.462,19.442999999999998
Bamboo Fiber,27.85,12.43,8.93,1.12,91.46,61.42,-26.654,-7.8580000000000005,20.14,39.932,21.7808
Corrugated Cardboard,18.8,10.13,7.7,1.32,83.69,27.41,-24.183,0.31599999999999895,14.465,36.291999999999994,20.1269
Aluminum (Recycled),84.08,24.82,0.76,8.79,95.4,150.98,-22.467000000000002,-9.943999999999996,54.45,36.706,29.851400000000005
Bamboo Fiber,33.08,12.85,8.67,1.14,94.69,67.31,-27.609,-7.076000000000004,22.965,41.11599999999999,23.3309
Bamboo Fiber,29.69,15.27,8.76,1.3,94.29,61.14,-27.377000000000002,-6.642000000000003,22.48,40.96,23.179
Bamboo Fiber,25.32,14.63,9.65,1.01,88.24,58.51,-25.764999999999997,-8.212,19.975,38.954,21.1893
Palm Leaf Packaging,16.86,10.1,9.11,1.19,88.75,74.87,-25.792,-19.832000000000004,13.48,38.906,16.907799999999998
Recycled Paperboard,22.8,6.58,8.57,1.24,85.05,27.02,-24.647,2.872,14.690000000000001,37.2,21.070800000000002
Molded Pulp,22.8,6.58,8.57,1.24,85.05,27.02,-24.647,2.872,14.690000000000001,37.2,21.070800000000002
Glass (Recycled),78.05,22.12,1.51,5.02,98.8,51.91,-26.125999999999998,26.066,50.085,39.120000000000005,37.1999
Jute Fiber Packaging,22.11,10.61,9.02,1.46,93.31,69.3,-26.971,-14.453999999999999,16.36,40.64,19.6034
Mushroom Packaging (Mycelium),26.86,8.79,9.94,0.84,85.86,84.47,-25.169999999999998,-17.672000000000004,17.825,38.152,18.292699999999996
Corrugated Cardboard,26.5,9.51,7.78,1.84,83.02,27.45,-23.618,4.919999999999998,18.005,35.952,21.894699999999997
Palm Leaf Packaging,26.97,9.16,9.67,1.12,89.66,92.63,-26.114,-20.87,18.064999999999998,39.508,18.320700000000002
Corrugated Cardboard,26.6,8.18,8.38,1.5,86.94,29.52,-25.031999999999996,4.152000000000001,17.39,37.828,22.4022
Cornstarch Packaging,35.09,17.03,8.8,2.85,72.68,107.18,-19.809,-21.818000000000005,26.060000000000002,32.022000000000006,17.0228
Aluminum (Recycled),92.36,34.63,0.68,8.88,98.14,143.4,-23.226,-1.9440000000000097,63.495000000000005,37.751999999999995,34.6305
Palm Leaf Packaging,26.69,9.17,9.62,1.13,96.62,87.32,-28.195,-18.913999999999998,17.93,42.27,19.916200000000003
Aluminum (Recycled),85.41,24.9,0.87,8.49,95.17,152.8,-22.607999999999997,-9.87400000000001,55.155,36.718,30.1087
Corrugated Cardboard,24.44,9.67,8.18,1.86,81.66,37.7,-23.195999999999998,-0.41600000000000215,17.055,35.564,20.3417
Recycled Paperboard,22.19,7.04,9.09,1.32,83.44,35.83,-24.108,-1.0180000000000007,14.615,36.748,20.026899999999998
Aluminum (Recycled),98.7,38.13,1.54,8.09,96.26,143.83,-23.215,1.6879999999999882,68.415,37.502,36.7557
Biodegradable Plastic (PLA),26.11,16.49,9.1,2.92,68.07,109.31,-18.376999999999995,-28.058000000000007,21.299999999999997,30.284,13.538999999999994
Mushroom Packaging (Mycelium),37.23,10.26,9.02,1.4,97.12,73.91,-28.156,-7.226000000000003,23.744999999999997,42.176,23.9623
Molded Pulp,37.23,10.26,9.02,1.4,97.12,73.91,-28.156,-7.226000000000003,23.744999999999997,42.176,23.9623
Glass (Recycled),73.85,26.12,2.41,4.23,97.88,52.13,-26.403,23.45799999999999,49.985,39.269999999999996,36.7487
Biodegradable Plastic (PLA),42.97,10.47,9.71,2.89,74.02,85.66,-20.183,-8.482000000000003,26.72,32.914,20.2304
Molded Pulp,42.97,10.47,9.71,2.89,74.02,85.66,-20.183,-8.482000000000003,26.72,32.914,20.2304
Seaweed-Based Film,25.28,12.19,9.59,1.02,85.71,60.11,-24.999,-8.876000000000001,18.735,37.916,20.219900000000003
Seaweed-Based Film,19.94,6.69,9.54,1.44,89.5,60.82,-25.842,-12.364000000000003,13.315000000000001,39.32800000000001,18.488500000000002
Aluminum (Recycled),86.64,40.01,0.84,7.9,95.7,137.06,-23.18,-2.8400000000000034,63.325,37.036,34.1763
Recycled Paperboard,14.91,8.89,9.33,1.49,88.71,34.48,-25.569999999999997,-4.846,11.9,38.918,19.3902
Palm Leaf Packaging,23.66,7.79,9.09,1.5,91.53,75.72,-26.409,-16.092,15.725,39.94800000000001,18.765300000000003
Cornstarch Packaging,35.07,11.93,8.77,2.85,69.1,89.53,-18.734999999999996,-14.770000000000007,23.5,30.578,17.016399999999997
Corrugated Cardboard,22.9,7.91,8.63,1.25,91.63,31.8,-26.613999999999997,1.0199999999999978,15.405,39.854,22.1045
Recycled PET (rPET),39.09,24.37,3.2,3.84,77.33,95.46,-20.511,-14.729999999999997,31.730000000000004,31.444000000000003,20.1084
Seaweed-Based Film,17.96,8.44,9.64,1.03,85.33,49.37,-24.878,-8.972000000000001,13.2,37.782,18.475799999999996
Palm Leaf Packaging,29.68,12.54,9.03,0.88,88.0,80.31,-25.784,-14.316000000000003,21.11,38.636,20.217399999999998
Compostable Mailer,32.38,13.47,9.35,1.86,66.99,92.16,-18.794999999999998,-17.435999999999996,22.925,30.164,16.1985
Recycled Paperboard,25.13,9.89,9.16,1.52,90.02,28.07,-25.941999999999997,3.849999999999998,17.509999999999998,39.368,23.0218
Recycled Paperboard,24.78,8.38,7.53,1.27,83.12,25.4,-24.047,4.708,16.580000000000002,36.00600000000001,21.5268
Biodegradable Plastic (PLA),36.63,8.25,9.05,2.84,81.35,97.09,-22.416999999999998,-16.858000000000004,22.44,35.592,18.5214
Jute Fiber Packaging,29.18,8.77,9.39,1.06,91.24,58.19,-26.629999999999995,-5.768000000000001,18.975,40.04,21.8769
Compostable Mailer,24.59,17.09,8.88,2.92,80.27,87.01,-22.037,-20.050000000000004,20.84,35.07599999999999,17.172199999999997
Mushroom Packaging (Mycelium),24.81,12.21,9.89,1.34,90.53,41.35,-26.221,-1.6540000000000035,18.509999999999998,39.900000000000006,22.4364
Recycled PET (rPET),56.85,13.16,3.9,3.39,77.09,115.05,-20.753999999999998,-11.910000000000004,35.005,31.718,21.7857
Corrugated Cardboard,23.06,9.7,7.84,1.42,80.28,38.71,-23.09,-1.6480000000000032,16.38,34.964000000000006,19.6916
Sugarcane Bagasse,25.98,8.04,9.27,1.14,93.47,89.78,-27.243000000000002,-20.323999999999998,17.009999999999998,40.867999999999995,18.7472
Mushroom Packaging (Mycelium),26.28,11.97,9.6,1.23,87.28,94.86,-25.323,-22.176000000000002,19.125,38.50599999999999,17.918699999999994
Jute Fiber Packaging,24.64,9.16,9.28,0.93,86.66,64.76,-25.346999999999998,-11.120000000000005,16.9,38.190000000000005,19.3724
Cornstarch Packaging,35.93,9.73,8.82,2.08,70.77,97.78,-19.775,-17.554000000000002,22.83,31.419999999999998,16.7192
Aluminum (Recycled),80.24,36.32,1.35,7.95,98.32,167.47,-23.930999999999997,-18.844,58.28,38.278,29.9848
Aluminum (Recycled),81.42,34.2,0.55,7.52,97.98,132.06,-24.13,-3.9720000000000084,57.81,37.90800000000001,32.747
Compostable Mailer,47.8,11.71,8.93,2.66,67.13,83.76,-18.277,-4.824000000000009,29.755,29.892,20.584699999999998
Corrugated Cardboard,22.9,12.54,8.88,1.55,83.7,37.29,-24.025,-1.176000000000002,17.72,36.722,20.9024
Recycled Paperboard,24.9,10.95,8.04,1.67,85.41,26.37,-24.453999999999997,4.391999999999996,17.924999999999997,37.046,22.260499999999997
Corrugated Cardboard,22.78,10.24,7.87,1.63,93.09,35.98,-26.786,-0.7239999999999984,16.51,40.05800000000001,22.1828
Bamboo Fiber,34.24,16.24,9.54,1.41,87.5,59.79,-25.263,-3.372,25.240000000000002,38.534000000000006,23.510400000000004
Seaweed-Based Film,27.15,10.42,9.18,1.15,96.9,42.04,-28.265,-0.5259999999999998,18.785,42.202000000000005,23.843899999999998
Jute Fiber Packaging,27.68,16.16,9.89,1.48,94.44,59.48,-27.295999999999996,-7.184000000000001,21.92,41.43600000000001,23.0292
Seaweed-Based Film,25.14,10.06,9.32,1.36,85.48,75.78,-24.692,-15.228000000000002,17.6,37.648,18.467200000000002
Aluminum (Recycled),85.66,28.14,0.62,8.39,96.7,158.99,-23.136999999999997,-12.20000000000001,56.9,37.25000000000001,30.4324
Recycled Paperboard,22.44,8.12,8.58,1.83,84.78,34.39,-24.153000000000002,-0.2919999999999998,15.280000000000001,36.978,20.449600000000004
Palm Leaf Packaging,26.34,11.78,9.23,0.72,96.31,41.28,-28.389,-0.708000000000002,19.06,42.072,23.8758
Jute Fiber Packaging,32.33,16.2,9.91,1.38,94.98,57.01,-27.528,-3.4060000000000024,24.265,41.68,24.6079
Corrugated Cardboard,21.45,11.82,8.46,1.7,93.11,39.76,-26.743,-3.0340000000000007,16.634999999999998,40.288,21.8187
Recycled Paperboard,21.66,11.91,8.34,1.79,83.58,26.66,-23.820999999999998,2.331999999999999,16.785,36.410000000000004,21.1891
Glass (Recycled),59.24,20.41,1.59,4.35,95.21,40.36,-25.518,19.399999999999995,39.825,37.85,32.286100000000005
Compostable Mailer,34.83,12.7,9.0,2.52,69.37,127.5,-19.047,-30.102,23.765,30.844000000000005,14.1717
Molded Pulp,34.83,12.7,9.0,2.52,69.37,127.5,-19.047,-30.102,23.765,30.844000000000005,14.1717
Corrugated Cardboard,25.95,8.57,9.39,1.57,89.2,27.51,-25.661,4.565999999999997,17.259999999999998,39.122,22.96
Palm Leaf Packaging,25.83,10.98,9.61,1.11,88.0,50.59,-25.622999999999998,-4.738000000000007,18.405,38.822,21.345100000000002
Recycled Paperboard,21.13,7.89,9.06,1.48,80.87,39.54,-23.224999999999998,-3.1380000000000017,14.51,35.67600000000001,19.0732
Biodegradable Plastic (PLA),42.1,10.29,9.4,1.73,81.32,91.22,-23.185,-11.227999999999998,26.195,35.942,21.032500000000002
Cornstarch Packaging,36.01,7.45,9.27,2.37,66.83,123.87,-18.39,-27.942000000000004,21.73,29.965999999999998,13.598399999999998
Aluminum (Recycled),83.87,27.67,1.83,8.91,99.31,162.38,-23.555999999999997,-14.629999999999995,55.77,38.67400000000001,30.11840000000001
Glass (Recycled),75.27,35.05,1.17,4.61,96.86,45.2,-25.831,27.081999999999997,55.16,38.290000000000006,38.617599999999996
Seaweed-Based Film,24.83,13.59,9.08,0.88,93.88,44.57,-27.548,-2.9300000000000015,19.21,41.007999999999996,22.988999999999997
Recycled Paperboard,22.95,11.38,8.46,1.67,92.37,30.22,-26.542,1.6819999999999986,17.165,39.998,22.7937
Seaweed-Based Film,28.41,13.69,9.27,1.4,95.37,79.51,-27.631,-14.758000000000003,21.05,41.576,21.3624
Jute Fiber Packaging,35.28,14.52,9.55,1.31,91.19,65.05,-26.439999999999998,-4.852,24.9,40.034,23.797799999999995
Cornstarch Packaging,34.16,12.44,8.94,2.62,68.22,120.9,-18.631999999999998,-27.864000000000008,23.299999999999997,30.34,14.245599999999998
Recycled Paperboard,23.09,11.56,7.51,1.43,89.25,39.72,-25.773999999999997,-2.0340000000000007,17.325,38.418,21.4709
Cornstarch Packaging,28.2,14.24,9.32,2.31,80.6,85.35,-22.562999999999995,-17.220000000000002,21.22,35.506,18.086399999999998
Compostable Mailer,36.25,16.73,9.75,2.01,77.65,126.6,-21.888,-28.89,26.490000000000002,34.558,16.913999999999998
Palm Leaf Packaging,22.77,10.39,9.3,1.27,85.88,74.93,-24.875,-16.310000000000006,16.58,37.818,18.0324
Cornstarch Packaging,40.98,7.43,8.56,2.81,84.47,128.44,-23.374,-26.788000000000007,24.205,36.650000000000006,17.5737
Bamboo Fiber,29.76,14.13,9.64,0.91,85.22,56.47,-24.929,-4.731999999999999,21.945,37.762,21.9515
Mushroom Packaging (Mycelium),32.83,9.87,9.68,1.06,88.56,99.83,-25.826,-20.234000000000005,21.349999999999998,39.083999999999996,19.248599999999996
Molded Pulp,32.83,9.87,9.68,1.06,88.56,99.83,-25.826,-20.234000000000005,21.349999999999998,39.083999999999996,19.248599999999996
Aluminum (Recycled),75.52,16.81,0.75,8.59,98.47,138.83,-23.528,-10.220000000000013,46.165,37.97,27.902099999999994
Sugarcane Bagasse,26.22,8.87,9.65,0.92,97.36,49.06,-28.564,-3.892000000000003,17.544999999999998,42.620000000000005,22.983900000000002
Corrugated Cardboard,24.95,8.8,8.34,1.71,85.96,29.11,-24.590999999999998,3.3259999999999987,16.875,37.378,21.859299999999998
Cornstarch Packaging,34.77,12.73,9.66,1.84,69.26,81.56,-19.490000000000002,-11.762,23.75,31.200000000000006,18.0306
Cornstarch Packaging,28.74,16.33,9.62,2.21,84.36,89.28,-23.761,-18.468000000000004,22.534999999999997,37.15,18.964099999999995
Palm Leaf Packaging,26.71,10.91,9.77,1.38,94.89,77.57,-27.500999999999998,-15.001999999999999,18.810000000000002,41.588,20.6192
Seaweed-Based Film,25.98,11.42,9.8,1.09,86.53,47.51,-25.195999999999998,-3.416000000000002,18.7,38.314,21.4602
Seaweed-Based Film,21.62,13.6,9.2,1.09,85.83,74.92,-24.985999999999997,-16.996000000000002,17.61,37.794,18.219199999999997
Biodegradable Plastic (PLA),39.2,10.04,8.9,2.18,65.23,83.62,-18.043,-9.928,24.62,29.216,17.7738
Compostable Mailer,32.74,4.73,9.28,1.94,78.9,123.01,-22.312,-29.560000000000006,18.735,34.88400000000001,14.6361
Jute Fiber Packaging,28.13,12.86,8.86,1.49,86.42,59.98,-24.883,-7.114000000000001,20.494999999999997,37.814,21.0465
Mushroom Packaging (Mycelium),32.52,11.75,9.56,0.71,89.24,71.06,-26.275,-8.912000000000003,22.135,39.37799999999999,21.926499999999997
Cornstarch Packaging,33.76,9.95,8.54,1.62,72.94,86.64,-20.747999999999998,-14.400000000000002,21.854999999999997,32.268,17.506499999999996
Bamboo Fiber,39.19,14.92,9.7,1.02,86.67,52.09,-25.287000000000003,2.6779999999999973,27.055,38.344,25.2127
Sugarcane Bagasse,32.0,11.85,9.03,1.45,85.68,72.48,-24.689,-9.792000000000005,21.925,37.59400000000001,20.8351
Seaweed-Based Film,28.49,10.79,9.71,1.34,89.41,88.89,-25.884999999999998,-18.462000000000007,19.64,39.38,19.190599999999996
Sugarcane Bagasse,31.59,10.4,9.45,1.21,91.84,83.9,-26.705,-14.606000000000002,20.995,40.27400000000001,20.8005
Jute Fiber Packaging,29.39,11.55,9.81,1.03,94.76,56.74,-27.707,-5.062000000000001,20.47,41.622,23.156599999999997
Seaweed-Based Film,27.61,8.85,9.66,1.1,92.22,83.15,-26.896,-16.694000000000006,18.23,40.532,19.668999999999997
Sugarcane Bagasse,25.19,10.24,9.2,1.24,85.94,41.84,-24.914,-1.6219999999999999,17.715,37.808,21.3153
Seaweed-Based Film,23.71,6.66,9.87,1.28,94.66,65.53,-27.502,-11.986000000000002,15.185,41.556,20.1255
Biodegradable Plastic (PLA),28.87,7.61,9.78,1.56,82.34,108.93,-23.610000000000003,-26.250000000000004,18.240000000000002,36.536,15.904800000000002
Sugarcane Bagasse,33.42,9.08,9.49,1.4,96.71,65.3,-28.032999999999998,-6.068000000000001,21.25,42.199999999999996,23.427999999999997
Cornstarch Packaging,38.26,7.27,9.69,1.82,77.46,111.58,-21.963999999999995,-21.676000000000005,22.765,34.496,17.2359
Jute Fiber Packaging,29.5,14.19,9.57,1.45,86.8,54.75,-25.025,-4.200000000000003,21.845,38.258,22.1959
Recycled Paperboard,22.92,11.35,7.99,1.9,86.68,32.72,-24.674000000000003,0.6639999999999997,17.135,37.488,21.454500000000003
Sugarcane Bagasse,30.74,6.52,9.16,1.01,97.6,55.49,-28.572999999999997,-3.7520000000000024,18.63,42.502,23.303800000000003
Corrugated Cardboard,19.12,11.32,9.05,1.3,94.55,31.81,-27.455,-1.2520000000000007,15.22,41.18,22.1606
Recycled Paperboard,23.23,6.43,8.17,1.86,86.46,28.73,-24.636,2.4459999999999997,14.83,37.48,21.109399999999997
Recycled Paperboard,27.5,10.7,7.83,1.33,80.55,36.05,-23.233999999999998,2.08,19.1,35.086,21.3186
Corrugated Cardboard,22.04,13.15,9.19,1.84,88.78,38.02,-25.346,-1.9840000000000035,17.595,38.82,21.596899999999998
Recycled PET (rPET),53.45,19.21,2.81,3.09,82.97,118.1,-22.727999999999998,-15.170000000000002,36.33,33.694,22.5188
Compostable Mailer,38.66,11.76,8.91,2.26,65.83,87.42,-18.166999999999998,-11.772000000000006,25.209999999999997,29.444000000000003,17.675199999999997
Mushroom Packaging (Mycelium),29.58,10.69,9.45,1.11,91.36,80.01,-26.630999999999997,-14.256000000000007,20.134999999999998,40.102000000000004,20.5461
Cornstarch Packaging,40.54,8.88,8.76,2.51,84.4,84.7,-23.563000000000002,-9.556000000000004,24.71,36.762,21.243000000000002
Cornstarch Packaging,31.88,17.74,9.63,1.77,78.85,121.91,-22.415999999999997,-29.636000000000003,24.81,35.038,16.510399999999997
Seaweed-Based Film,25.75,10.73,9.5,1.19,96.3,74.24,-28.057,-14.245999999999999,18.240000000000002,42.082,20.8588
Biodegradable Plastic (PLA),40.53,15.56,8.78,2.49,72.88,112.56,-20.121,-20.706,28.045,32.166000000000004,17.9463
Aluminum (Recycled),93.03,25.47,2.0,7.1,99.89,146.28,-24.997,-2.6940000000000026,59.25,39.336,34.03639999999999
Jute Fiber Packaging,33.29,14.27,9.35,1.34,93.79,58.08,-27.199,-3.257999999999999,23.78,40.98800000000001,24.218600000000006
Compostable Mailer,40.95,8.32,9.55,2.64,80.96,101.78,-22.439999999999998,-16.142000000000003,24.635,35.676,19.352899999999998
Recycled PET (rPET),54.1,20.5,3.63,3.01,79.87,100.99,-21.854000000000003,-7.936,37.3,32.79800000000001,23.813000000000002
Jute Fiber Packaging,38.38,10.46,9.08,1.17,87.38,57.47,-25.395,0.0400000000000027,24.42,38.349999999999994,23.917999999999996
Recycled PET (rPET),64.85,24.04,3.86,3.7,80.7,115.9,-21.62,-7.45000000000001,44.44499999999999,33.083999999999996,26.092699999999997
Bamboo Fiber,22.0,19.87,8.54,1.1,88.8,57.98,-25.869999999999997,-9.992,20.935000000000002,38.716,21.0709
Bamboo Fiber,36.09,20.32,9.41,1.36,93.13,64.36,-26.986999999999995,-4.09,28.205000000000002,40.74400000000001,25.2641
Cornstarch Packaging,38.79,12.84,8.82,2.89,66.21,126.72,-17.839999999999996,-27.414000000000005,25.814999999999998,29.434,14.659899999999999
Cornstarch Packaging,31.23,11.16,9.13,1.89,70.7,95.36,-19.887,-19.406,21.195,31.554000000000002,15.9209
Recycled Paperboard,23.54,11.78,8.12,1.69,90.74,29.09,-26.038999999999998,2.4879999999999978,17.66,39.205999999999996,22.765199999999997
Jute Fiber Packaging,28.07,12.33,8.77,1.31,86.81,60.5,-25.125999999999998,-7.358000000000004,20.2,37.970000000000006,21.0046
Palm Leaf Packaging,21.99,10.64,9.57,0.91,97.52,69.01,-28.618999999999996,-14.410000000000004,16.314999999999998,42.654,20.5325
Cornstarch Packaging,36.12,16.09,8.56,2.45,84.03,110.08,-23.494,-22.360000000000007,26.104999999999997,36.546,19.022099999999995
Recycled Paperboard,23.15,9.08,7.96,1.37,89.16,31.17,-25.788999999999998,1.421999999999997,16.115,38.574,21.848899999999993
Biodegradable Plastic (PLA),28.78,9.92,9.51,1.91,81.45,101.19,-23.098,-23.208,19.35,36.00200000000001,16.583600000000004
Recycled PET (rPET),50.96,21.12,3.87,3.68,83.8,95.04,-22.563999999999997,-7.440000000000005,36.04,34.33200000000001,24.136400000000002
Biodegradable Plastic (PLA),38.17,13.24,8.78,1.64,65.47,112.1,-18.493,-21.938000000000002,25.705000000000002,29.372000000000003,15.8341
Compostable Mailer,39.82,18.63,8.8,2.09,76.89,104.84,-21.604,-18.044000000000008,29.225,33.858000000000004,19.636899999999997
Mushroom Packaging (Mycelium),20.98,13.28,9.43,1.27,94.0,99.48,-27.311,-27.204,17.13,41.118,17.4958
Cornstarch Packaging,37.84,16.89,8.86,1.62,66.71,124.71,-18.878999999999998,-27.18,27.365000000000002,29.903999999999996,15.520499999999998
Biodegradable Plastic (PLA),32.09,8.96,8.79,2.03,66.39,105.95,-18.496,-23.126,20.525000000000002,29.666000000000004,14.131300000000001
Mushroom Packaging (Mycelium),26.17,6.89,9.88,1.22,91.93,59.46,-26.725,-8.082000000000003,16.53,40.480000000000004,20.8316
Palm Leaf Packaging,31.14,7.58,9.99,1.23,92.25,83.84,-26.814,-14.852,19.36,40.65,20.395400000000002
Seaweed-Based Film,21.47,9.89,9.56,1.47,87.28,81.4,-25.155,-19.678000000000004,15.68,38.442,17.332
Recycled PET (rPET),56.02,14.35,2.29,3.68,86.34,100.43,-23.326,-6.560000000000002,35.185,34.716,24.323500000000003
Bamboo Fiber,36.37,14.83,9.89,1.04,88.99,53.05,-25.968999999999998,0.6020000000000003,25.599999999999998,39.344,24.7974
Compostable Mailer,41.07,12.43,9.18,2.44,66.78,117.76,-18.326,-22.462000000000007,26.75,29.896000000000004,16.1666
Mushroom Packaging (Mycelium),25.67,9.7,9.78,1.27,85.47,58.19,-24.752,-7.873999999999999,17.685000000000002,37.846000000000004,20.0349
Biodegradable Plastic (PLA),31.07,8.01,8.61,2.91,76.08,95.28,-20.787,-19.470000000000002,19.54,33.294000000000004,16.1136
Molded Pulp,31.07,8.01,8.61,2.91,76.08,95.28,-20.787,-19.470000000000002,19.54,33.294000000000004,16.1136
Biodegradable Plastic (PLA),29.48,5.54,9.28,2.27,83.39,104.85,-23.428,-24.252,17.51,36.614,16.072400000000002
Seaweed-Based Film,25.41,9.8,9.38,1.4,96.28,88.36,-27.904,-20.098000000000003,17.605,41.984,19.4379
Compostable Mailer,31.66,14.98,8.61,2.1,68.47,114.75,-19.071,-26.904000000000007,23.32,30.412,14.552999999999997
Molded Pulp,31.66,14.98,8.61,2.1,68.47,114.75,-19.071,-26.904000000000007,23.32,30.412,14.552999999999997
Recycled Paperboard,23.08,8.98,8.78,1.86,81.99,37.93,-23.294999999999998,-1.3240000000000016,16.03,35.936,19.983999999999998
Seaweed-Based Film,24.87,11.64,9.61,1.31,87.27,70.15,-25.263999999999996,-13.138000000000002,18.255000000000003,38.49,19.448700000000002
Recycled PET (rPET),48.61,18.78,3.1,3.1,75.39,94.05,-20.447000000000003,-8.454,33.695,30.776,21.7399
Sugarcane Bagasse,25.28,11.06,9.97,1.05,89.05,70.37,-25.98,-12.980000000000004,18.17,39.397999999999996,19.8704
Cornstarch Packaging,30.3,11.57,9.33,1.82,77.39,112.51,-21.942999999999998,-26.824000000000005,20.935000000000002,34.324000000000005,15.601500000000001
Recycled Paperboard,22.36,11.98,7.62,2.0,80.87,35.43,-22.861,-0.756000000000002,17.17,34.99600000000001,20.070800000000002
Mushroom Packaging (Mycelium),21.93,9.4,9.69,0.75,91.62,99.8,-26.961000000000002,-26.762,15.665,40.374,16.8515
Molded Pulp,21.93,9.4,9.69,0.75,91.62,99.8,-26.961000000000002,-26.762,15.665,40.374,16.8515
Bamboo Fiber,33.75,16.57,8.96,1.27,90.27,58.52,-26.192,-3.1580000000000013,25.16,39.438,23.986200000000004
Biodegradable Plastic (PLA),28.17,11.33,8.98,2.12,81.55,116.68,-22.981,-29.770000000000003,19.75,35.788,15.303599999999996
Recycled PET (rPET),51.54,9.64,2.06,3.39,86.4,94.11,-23.547,-6.719999999999999,30.59,34.706,22.9542
Compostable Mailer,27.61,12.55,8.52,1.86,84.52,120.08,-24.054,-31.466000000000005,20.08,36.844,15.594799999999996
Recycled Paperboard,22.95,10.16,7.72,1.64,86.82,37.67,-24.897999999999996,-1.2980000000000018,16.555,37.488,20.932899999999997
Biodegradable Plastic (PLA),34.86,9.2,8.7,1.99,79.75,103.8,-22.532,-20.604000000000003,22.03,34.982,17.4892
Molded Pulp,34.86,9.2,8.7,1.99,79.75,103.8,-22.532,-20.604000000000003,22.03,34.982,17.4892
Glass (Recycled),59.02,16.93,1.92,5.18,99.46,59.11,-26.211999999999996,11.767999999999997,37.975,39.516,30.8433
Cornstarch Packaging,31.65,15.12,9.39,2.16,70.09,122.04,-19.515,-29.826000000000004,23.384999999999998,31.360000000000003,14.3613
Palm Leaf Packaging,35.79,8.79,9.66,1.42,93.28,76.84,-26.99,-9.262000000000004,22.29,40.892,22.5002
Recycled Paperboard,23.1,7.49,7.8,1.79,87.68,35.2,-25.051000000000002,-0.22000000000000064,15.295000000000002,37.834,20.9049
Sugarcane Bagasse,23.17,10.37,9.07,0.71,97.43,84.25,-28.732,-19.798000000000002,16.77,42.458000000000006,19.5552
Sugarcane Bagasse,18.26,8.06,9.35,1.32,93.6,51.11,-27.156,-9.488000000000001,13.16,40.916,19.7564
Recycled PET (rPET),62.11,22.88,2.8,3.03,76.23,119.04,-20.748,-10.350000000000009,42.495,31.006000000000004,24.1299
Recycled PET (rPET),60.98,16.97,3.87,3.57,78.09,93.64,-20.928,-0.8680000000000092,38.974999999999994,32.07000000000001,25.325499999999998
Compostable Mailer,41.64,13.67,9.34,2.3,65.84,128.42,-18.142,-26.383999999999997,27.655,29.612000000000002,15.5317
Molded Pulp,41.64,13.67,9.34,2.3,65.84,128.42,-18.142,-26.383999999999997,27.655,29.612000000000002,15.5317
Recycled Paperboard,21.07,10.86,9.46,1.68,88.74,36.22,-25.445999999999998,-1.846,15.965,38.944,21.192700000000002
Compostable Mailer,37.69,15.22,8.67,2.01,83.56,91.23,-23.661,-13.878000000000007,26.455,36.489999999999995,20.8401
Seaweed-Based Film,19.78,6.07,9.44,1.19,97.26,54.44,-28.345000000000002,-9.908,12.925,42.44200000000001,20.297500000000003
Aluminum (Recycled),87.79,28.34,1.83,8.29,96.43,162.64,-23.126000000000005,-12.381999999999998,58.065000000000005,37.646,30.862099999999998
Bamboo Fiber,31.33,13.85,9.63,1.18,93.42,64.57,-27.2,-7.030000000000001,22.59,40.984,23.1062
Bamboo Fiber,34.65,16.52,8.77,1.23,94.85,68.75,-27.593999999999998,-6.710000000000001,25.585,41.202,24.212899999999998
Glass (Recycled),73.2,21.74,2.64,4.32,97.53,56.81,-26.235,21.195999999999998,47.47,39.204,35.4884
Compostable Mailer,36.54,17.11,9.27,2.26,70.95,108.25,-19.703,-21.376000000000005,26.825,31.636000000000003,17.203699999999998
Corrugated Cardboard,25.26,9.76,8.77,1.81,82.4,31.92,-23.453000000000003,2.388,17.51,36.106,21.253
Palm Leaf Packaging,23.95,8.3,9.8,0.86,92.22,83.98,-27.064,-19.22200000000001,16.125,40.636,18.5967
Seaweed-Based Film,19.02,10.89,9.36,1.33,92.2,40.31,-26.729,-4.712000000000003,14.955,40.358000000000004,20.997299999999996
Recycled Paperboard,20.65,10.3,9.42,1.49,84.9,27.23,-24.427000000000003,1.4979999999999976,15.475,37.43,21.0565
Compostable Mailer,38.61,10.88,9.8,2.05,73.97,116.1,-20.756,-23.273999999999997,24.745,33.098000000000006,16.849300000000003
Palm Leaf Packaging,26.12,11.87,9.39,1.03,94.04,40.19,-27.491,-0.4039999999999999,18.995,41.166000000000004,23.465700000000002
Aluminum (Recycled),74.74,37.58,1.69,7.19,97.94,149.24,-24.348999999999997,-14.852000000000011,56.16,38.414,30.2716
Bamboo Fiber,29.74,13.55,9.37,1.24,90.61,62.07,-26.315,-6.984000000000005,21.645,39.744,22.282899999999998
Cornstarch Packaging,40.12,13.78,8.85,2.74,74.97,83.85,-20.573,-9.468,26.95,32.98,20.2
Jute Fiber Packaging,31.32,11.64,9.68,1.32,92.89,60.35,-26.943,-5.3480000000000025,21.48,40.763999999999996,22.992199999999997
Cornstarch Packaging,29.29,11.42,8.93,2.15,66.77,91.03,-18.526,-18.838,20.355,29.849999999999998,14.999099999999999
Seaweed-Based Film,32.57,11.26,10.0,1.45,93.35,65.27,-26.99,-6.5660000000000025,21.915,41.05,22.974299999999996
Compostable Mailer,41.11,13.75,8.65,2.11,81.8,99.19,-23.063,-15.010000000000002,27.43,35.758,20.567
Biodegradable Plastic (PLA),44.42,16.63,8.74,2.04,71.69,81.31,-20.078999999999997,-5.872,30.525,31.764000000000003,21.528100000000002
Sugarcane Bagasse,25.7,6.46,9.3,1.45,88.37,65.78,-25.496,-10.892000000000003,16.08,38.778000000000006,19.3782
Bamboo Fiber,34.05,11.4,9.19,1.19,86.33,51.61,-25.066,-0.21400000000000574,22.724999999999998,37.970000000000006,23.178900000000002
Recycled Paperboard,22.92,12.54,8.37,1.78,91.48,27.38,-26.198,2.8000000000000007,17.73,39.584,22.9938
Seaweed-Based Film,20.01,10.6,9.75,1.23,97.44,44.14,-28.371,-5.650000000000002,15.305,42.629999999999995,21.924699999999998
Biodegradable Plastic (PLA),34.5,11.39,8.84,1.87,83.13,92.48,-23.629999999999995,-16.292000000000005,22.945,36.414,19.275299999999998
Seaweed-Based Film,29.57,8.39,9.45,1.32,85.85,69.25,-24.831,-9.958000000000002,18.98,37.855999999999995,20.025399999999998
Molded Pulp,29.57,8.39,9.45,1.32,85.85,69.25,-24.831,-9.958000000000002,18.98,37.855999999999995,20.025399999999998
Compostable Mailer,22.88,14.65,8.95,2.85,65.44,113.19,-17.636999999999997,-31.548000000000002,18.765,29.186,11.603099999999998
Sugarcane Bagasse,25.33,11.03,9.94,0.74,90.44,55.61,-26.613999999999997,-7.046000000000001,18.18,40.004,21.3688
Cornstarch Packaging,38.97,8.24,8.76,2.35,74.28,128.6,-20.639,-28.058,23.605,32.746,15.421500000000002
Jute Fiber Packaging,25.54,16.49,8.67,0.99,87.25,55.02,-25.482,-6.684000000000005,21.015,38.169999999999995,21.515099999999997
Jute Fiber Packaging,32.8,16.45,9.29,0.97,93.6,64.46,-27.401,-6.104000000000003,24.625,40.961999999999996,23.935499999999998
Mushroom Packaging (Mycelium),25.88,9.27,9.54,0.77,90.96,69.08,-26.748999999999995,-12.104000000000003,17.575,40.046,20.2153
Recycled PET (rPET),57.62,23.62,3.39,3.62,84.76,106.36,-22.894000000000002,-7.972000000000008,40.62,34.53600000000001,25.531200000000002
Cornstarch Packaging,35.1,9.82,9.55,2.19,66.04,119.31,-18.279,-26.664000000000005,22.46,29.798000000000005,14.000399999999999
Mushroom Packaging (Mycelium),21.77,8.4,9.16,0.96,94.84,71.16,-27.78,-15.402,15.085,41.408,19.4235
Mushroom Packaging (Mycelium),26.62,9.5,9.88,1.4,88.1,67.07,-25.449999999999996,-10.856,18.060000000000002,38.912,20.010399999999997
Recycled PET (rPET),60.3,19.69,3.62,3.75,76.58,109.7,-20.349,-7.700000000000003,39.995,31.33,23.9273
Compostable Mailer,32.87,15.45,9.51,2.95,69.08,106.17,-18.659,-22.746000000000006,24.159999999999997,30.846,15.684399999999997
Seaweed-Based Film,29.6,8.66,9.58,1.21,95.37,63.76,-27.764,-7.744,19.130000000000003,41.73800000000001,22.264400000000006
Jute Fiber Packaging,32.27,15.56,8.74,1.32,92.93,56.34,-26.955000000000002,-3.1739999999999995,23.915000000000003,40.404,24.051900000000003
Recycled PET (rPET),52.99,18.39,2.55,4.34,84.81,94.56,-22.405,-6.030000000000005,35.69,34.076,24.204800000000002
Bamboo Fiber,40.25,9.8,8.63,1.43,93.04,60.1,-26.911,0.10999999999999588,25.025,40.382,25.0263
Recycled Paperboard,22.76,9.9,9.47,1.73,89.52,27.49,-25.645,2.66,16.330000000000002,39.25000000000001,22.335000000000004
Sugarcane Bagasse,24.06,11.97,9.16,0.71,92.28,71.64,-27.187,-14.220000000000004,18.015,40.434,20.128099999999996
Mushroom Packaging (Mycelium),27.9,10.65,9.08,1.29,87.44,91.49,-25.329,-19.855999999999998,19.275,38.349999999999994,18.382099999999998
Glass (Recycled),71.35,31.59,2.42,4.47,97.36,56.43,-26.079,20.237999999999992,51.47,39.01800000000001,36.4098
Biodegradable Plastic (PLA),24.39,10.18,9.14,2.74,71.7,88.69,-19.592000000000002,-20.842,17.285,31.788000000000004,14.471900000000002
Glass (Recycled),76.72,27.73,1.2,4.36,95.71,46.96,-25.660999999999998,27.247999999999994,52.225,37.891999999999996,37.616899999999994
Recycled PET (rPET),64.69,18.71,3.95,3.93,80.29,115.24,-21.336,-7.282000000000004,41.7,32.910000000000004,25.1938
Aluminum (Recycled),94.04,29.85,1.45,7.25,98.38,143.0,-24.438999999999997,-0.7760000000000034,61.94500000000001,38.482,34.8607
Seaweed-Based Film,22.68,10.4,9.17,1.38,87.95,90.22,-25.419,-22.480000000000004,16.54,38.571999999999996,17.121399999999998
Aluminum (Recycled),98.71,21.92,1.54,8.03,96.53,138.51,-23.338,3.8219999999999956,60.315,37.622,34.8131
Palm Leaf Packaging,27.57,10.36,9.87,1.31,95.25,79.9,-27.657999999999998,-15.418000000000006,18.965,41.786,20.6733
Recycled PET (rPET),57.46,19.03,4.01,3.84,76.66,103.41,-20.31,-6.888000000000005,38.245000000000005,31.5,23.6079
Recycled PET (rPET),61.64,19.52,3.64,3.57,89.65,93.32,-24.396,-0.3439999999999941,40.58,36.60200000000001,27.965000000000003
Recycled Paperboard,21.39,8.82,8.98,1.93,84.2,37.88,-23.909000000000002,-2.3180000000000014,15.105,36.885999999999996,19.915499999999998
Cornstarch Packaging,37.57,11.22,9.48,2.71,65.36,128.14,-17.711000000000002,-28.714000000000002,24.395,29.394000000000002,13.936100000000001
Recycled Paperboard,20.19,11.17,9.16,1.43,93.09,26.69,-26.926,1.4379999999999988,15.68,40.614000000000004,22.561000000000003
Recycled PET (rPET),57.2,27.35,2.29,3.36,75.19,104.06,-20.205,-7.304000000000002,42.275000000000006,30.32,24.358700000000002
Sugarcane Bagasse,29.0,6.77,9.3,0.94,94.66,42.89,-27.74,0.24399999999999622,17.884999999999998,41.395999999999994,23.381099999999996
Cornstarch Packaging,39.75,17.13,9.66,1.78,66.58,91.98,-18.728,-12.942000000000004,28.439999999999998,30.14,18.731199999999998
Cornstarch Packaging,35.35,15.49,8.58,2.75,76.98,85.75,-21.169,-13.090000000000003,25.42,33.67400000000001,19.344
Recycled Paperboard,25.93,10.0,9.26,1.66,87.76,31.46,-25.166,2.9739999999999984,17.965,38.476000000000006,22.5603
Glass (Recycled),64.77,15.85,2.55,4.9,99.46,48.87,-26.407999999999998,19.313999999999993,40.309999999999995,39.824000000000005,33.184599999999996
Jute Fiber Packaging,38.45,16.94,9.39,1.32,87.37,60.25,-25.287000000000003,-1.0300000000000011,27.695,38.44,24.6919
Bamboo Fiber,31.02,10.47,9.23,1.29,94.51,62.01,-27.450000000000003,-6.192000000000004,20.745,41.238,22.8465
Sugarcane Bagasse,25.22,13.39,9.63,0.76,88.31,61.71,-25.961,-9.552000000000003,19.305,39.024,20.780499999999996
Jute Fiber Packaging,29.55,12.89,8.71,1.07,94.72,56.63,-27.667,-4.922000000000001,21.22,41.158,23.2624
Cornstarch Packaging,27.97,11.75,9.29,1.92,69.14,105.83,-19.398,-25.55,19.86,30.988000000000003,14.024000000000001
Compostable Mailer,33.45,9.74,9.54,2.36,75.25,94.67,-20.923,-17.798000000000002,21.595000000000002,33.444,17.1367
Recycled PET (rPET),54.04,22.69,2.26,3.93,76.71,100.36,-20.261999999999997,-7.720000000000006,38.365,30.801999999999996,23.258499999999998
Mushroom Packaging (Mycelium),30.38,10.04,9.49,1.26,97.91,47.89,-28.490999999999996,-0.9280000000000044,20.21,42.708,24.387999999999998
Mushroom Packaging (Mycelium),21.46,6.97,9.42,1.03,96.8,82.84,-28.319,-20.260000000000005,14.215,42.282,18.560899999999997
Corrugated Cardboard,18.26,10.79,9.15,1.96,92.32,25.02,-26.323999999999998,0.9480000000000004,14.525,40.19599999999999,21.870699999999996
Jute Fiber Packaging,30.07,13.44,8.89,0.94,91.04,63.73,-26.654,-7.450000000000003,21.755,39.784,22.3025
Glass (Recycled),67.85,20.54,1.91,4.55,95.61,48.38,-25.498,21.35799999999999,44.19499999999999,38.098000000000006,34.0591
Biodegradable Plastic (PLA),34.34,12.23,8.6,2.03,83.83,113.43,-23.727999999999998,-24.768000000000004,23.285000000000004,36.566,17.7473
Palm Leaf Packaging,19.55,12.82,9.59,0.71,93.27,94.8,-27.483999999999998,-26.19,16.185000000000002,41.001999999999995,17.4149
Cornstarch Packaging,39.77,12.86,9.44,1.68,83.05,83.32,-23.739,-9.465999999999994,26.315,36.66,21.7471
Compostable Mailer,29.28,12.33,8.52,2.13,70.9,104.3,-19.779,-24.151999999999997,20.805,31.342000000000006,14.7695
Molded Pulp,29.28,12.33,8.52,2.13,70.9,104.3,-19.779,-24.151999999999997,20.805,31.342000000000006,14.7695
Biodegradable Plastic (PLA),32.26,12.28,8.66,2.34,71.86,116.46,-19.92,-27.228000000000005,22.27,31.74,14.741399999999997
Bamboo Fiber,35.88,14.28,9.54,1.16,91.73,55.51,-26.707,-0.6759999999999984,25.080000000000002,40.276,24.813
Compostable Mailer,40.0,9.99,9.08,2.7,81.45,122.88,-22.544999999999998,-25.152,24.995,35.672000000000004,17.6787
Bamboo Fiber,31.46,15.43,8.98,1.25,88.71,62.02,-25.737999999999996,-5.932000000000002,23.445,38.826,22.642500000000002
Mushroom Packaging (Mycelium),30.16,12.25,9.37,0.83,90.6,48.56,-26.598999999999997,-1.328000000000003,21.205,39.822,23.3623
Compostable Mailer,33.46,14.34,8.7,1.54,77.92,111.85,-22.298000000000002,-24.664,23.9,34.34,16.998800000000003
Jute Fiber Packaging,29.75,12.37,9.11,1.09,91.77,62.12,-26.767999999999997,-6.998000000000001,21.06,40.13399999999999,22.312199999999997
Corrugated Cardboard,19.3,7.82,9.48,1.56,90.32,27.11,-26.003999999999998,0.7359999999999989,13.56,39.608000000000004,21.2984
Compostable Mailer,32.63,11.96,9.16,2.95,72.68,81.95,-19.739,-13.202000000000002,22.295,32.146,17.6397
Molded Pulp,32.63,11.96,9.16,2.95,72.68,81.95,-19.739,-13.202000000000002,22.295,32.146,17.6397
Corrugated Cardboard,22.73,8.26,7.82,1.22,91.34,31.88,-26.548000000000002,0.8859999999999992,15.495000000000001,39.42,21.961299999999998
Compostable Mailer,37.8,11.11,8.65,2.93,71.28,124.42,-19.333,-27.088000000000005,24.455,31.386000000000003,15.201299999999998
Compostable Mailer,40.87,13.11,9.78,1.93,84.22,99.47,-23.915,-15.266000000000005,26.99,37.214,20.991
Compostable Mailer,27.15,8.62,9.2,1.73,76.07,107.09,-21.61,-26.546000000000006,17.884999999999998,33.762,14.506899999999998
Corrugated Cardboard,24.91,10.0,8.38,1.44,83.89,27.92,-24.159,3.7779999999999987,17.455,36.620000000000005,21.809900000000003
Cornstarch Packaging,34.16,10.58,8.85,2.95,76.15,97.36,-20.78,-18.448000000000004,22.369999999999997,33.410000000000004,17.200400000000002
Mushroom Packaging (Mycelium),19.64,10.48,9.44,1.2,91.36,64.11,-26.567999999999998,-13.860000000000001,15.06,40.080000000000005,19.0836
Recycled PET (rPET),61.61,27.83,3.86,3.3,80.93,91.18,-21.969,0.4939999999999998,44.72,33.25600000000001,27.885400000000004
Compostable Mailer,48.22,7.49,8.8,2.95,83.19,116.11,-22.891999999999996,-17.512000000000004,27.855,36.206,20.294299999999996
Cornstarch Packaging,40.43,12.29,8.67,2.69,67.5,119.71,-18.367,-23.626,26.36,29.93,15.8352
Mushroom Packaging (Mycelium),28.11,9.26,9.94,0.82,91.01,98.86,-26.729,-22.678000000000004,18.685,40.216,18.480499999999996
Mushroom Packaging (Mycelium),30.63,9.9,9.59,1.0,88.72,52.19,-25.916,-2.498000000000001,20.265,39.123999999999995,22.500299999999996
Molded Pulp,30.63,9.9,9.59,1.0,88.72,52.19,-25.916,-2.498000000000001,20.265,39.123999999999995,22.500299999999996
Biodegradable Plastic (PLA),32.02,16.12,9.16,2.24,76.55,123.28,-21.397,-30.100000000000005,24.07,33.836,15.6312
Glass (Recycled),69.56,26.43,2.66,5.15,97.87,59.12,-25.756,18.087999999999997,47.995000000000005,39.182,34.9219
Glass (Recycled),68.42,24.24,2.71,4.66,99.23,57.86,-26.506999999999998,17.907999999999998,46.33,39.84400000000001,34.735200000000006
Recycled PET (rPET),58.56,8.24,3.88,4.39,75.29,104.31,-19.514,-6.588000000000001,33.4,30.790000000000003,21.8422
Palm Leaf Packaging,30.62,11.9,9.69,0.81,88.89,61.52,-26.099999999999998,-6.236000000000004,21.26,39.27,22.1318
Mushroom Packaging (Mycelium),21.87,11.72,9.21,1.47,85.12,99.87,-24.507,-26.826000000000008,16.795,37.438,15.806099999999999
Cornstarch Packaging,39.77,13.54,8.88,1.52,79.76,121.71,-22.864,-24.821999999999996,26.655,35.152,18.1505
Palm Leaf Packaging,21.79,10.86,9.75,1.32,93.56,85.97,-27.144000000000002,-21.314,16.325,41.059999999999995,18.3815
Recycled PET (rPET),57.11,24.28,2.27,3.73,76.16,102.23,-20.237,-6.626000000000005,40.695,30.626,24.118499999999994
Seaweed-Based Film,21.62,9.71,9.35,0.79,95.51,96.86,-28.1,-25.772,15.665000000000001,41.786,17.700900000000004
Sugarcane Bagasse,15.53,10.43,9.08,1.1,95.33,82.43,-27.829,-23.654000000000003,12.98,41.544,17.192199999999996
Compostable Mailer,26.96,9.71,8.8,1.92,81.07,126.46,-22.976999999999997,-34.408,18.335,35.564,13.883499999999998
Seaweed-Based Film,29.15,9.61,9.32,1.08,87.94,78.43,-25.625999999999998,-13.882000000000005,19.38,38.688,19.769199999999998
Recycled PET (rPET),55.36,21.11,3.07,3.97,76.84,116.66,-20.273,-13.448,38.235,31.170000000000005,22.186500000000002
Recycled PET (rPET),36.88,20.74,3.76,3.94,76.08,110.48,-20.066,-22.064000000000007,28.810000000000002,31.148000000000003,17.5878
Mushroom Packaging (Mycelium),29.04,8.05,9.82,1.34,92.18,71.21,-26.716,-11.059999999999999,18.545,40.532000000000004,20.854300000000002
Compostable Mailer,36.96,10.47,8.85,2.25,70.69,86.69,-19.631999999999998,-12.500000000000004,23.715,31.366,17.950699999999998
Molded Pulp,36.96,10.47,8.85,2.25,70.69,86.69,-19.631999999999998,-12.500000000000004,23.715,31.366,17.950699999999998
Seaweed-Based Film,22.38,10.3,9.75,0.95,85.0,70.67,-24.835,-14.840000000000002,16.34,37.71,18.214
Biodegradable Plastic (PLA),33.36,12.47,9.59,1.51,69.94,117.05,-19.925,-26.804000000000002,22.915,31.509999999999998,14.951699999999999
Cornstarch Packaging,31.71,11.09,8.97,1.91,81.85,95.67,-23.217999999999996,-19.242,21.4,35.946000000000005,17.999000000000002
Cornstarch Packaging,36.31,12.58,9.06,2.86,72.55,128.2,-19.762999999999998,-29.494,24.445,32.071999999999996,15.008899999999997
Biodegradable Plastic (PLA),36.33,10.25,9.14,2.08,77.65,115.19,-21.839000000000002,-24.278000000000002,23.29,34.300000000000004,16.7892
Compostable Mailer,39.83,15.71,9.76,2.64,84.02,115.13,-23.358,-22.154,27.77,36.984,19.667
Glass (Recycled),65.06,23.42,2.56,4.97,95.24,47.2,-25.093,20.156,44.24,38.126,33.7596
Biodegradable Plastic (PLA),35.0,13.8,9.06,2.19,69.18,98.44,-19.221,-18.376000000000005,24.4,30.858000000000008,16.7464
Mushroom Packaging (Mycelium),22.46,9.7,9.77,1.03,95.69,91.02,-27.985999999999997,-22.932000000000002,16.08,41.978,18.4282
Bamboo Fiber,34.49,9.58,9.21,1.43,87.16,63.56,-25.147,-4.730000000000004,22.035,38.26199999999999,22.172499999999996
Recycled PET (rPET),45.68,23.27,2.41,3.98,86.08,99.47,-23.037999999999997,-12.380000000000006,34.475,34.6,22.854099999999995
Compostable Mailer,29.05,16.93,9.43,1.8,82.8,94.37,-23.58,-20.318000000000005,22.990000000000002,36.532,18.509
Recycled Paperboard,21.37,8.67,7.72,1.61,84.01,37.53,-24.076,-2.1899999999999995,15.02,36.370000000000005,19.794200000000004
Recycled PET (rPET),53.63,16.02,3.48,3.61,82.96,107.85,-22.360999999999997,-10.962000000000003,34.825,33.854,22.8835
Mushroom Packaging (Mycelium),24.9,9.47,9.96,1.12,93.81,58.71,-27.359,-8.544000000000004,17.185,41.284000000000006,21.303700000000003
Recycled Paperboard,25.15,10.44,8.54,1.98,81.88,25.25,-23.177999999999997,4.989999999999997,17.794999999999998,35.772,21.703699999999994
Corrugated Cardboard,25.02,10.18,7.74,1.41,80.26,29.4,-23.091,3.251999999999999,17.6,34.918000000000006,21.024000000000004
Recycled PET (rPET),55.61,26.2,3.04,3.56,75.02,98.99,-20.013999999999996,-6.230000000000004,40.905,30.512,24.1819
Bamboo Fiber,32.66,13.15,9.77,0.91,93.99,65.66,-27.56,-6.668000000000003,22.904999999999998,41.321999999999996,23.446499999999997
Recycled Paperboard,22.33,11.98,8.3,1.44,80.99,28.42,-23.288999999999998,2.029999999999996,17.155,35.428000000000004,20.838700000000003
Seaweed-Based Film,24.48,6.71,9.75,1.08,85.75,97.47,-24.968999999999998,-24.3,15.595,37.984,16.207500000000003
Seaweed-Based Film,25.1,10.46,9.96,0.76,89.75,53.52,-26.393,-6.348000000000001,17.78,39.732,21.2626
Glass (Recycled),67.0,23.41,2.24,5.17,97.89,42.94,-25.747999999999998,23.023999999999997,45.205,39.01800000000001,35.0213
Mushroom Packaging (Mycelium),27.49,12.28,9.39,1.24,88.38,60.71,-25.646,-7.790000000000003,19.884999999999998,38.86,21.1947
Recycled PET (rPET),53.6,21.87,3.41,4.34,85.62,91.87,-22.648,-4.588000000000008,37.735,34.744,25.3557
Aluminum (Recycled),81.65,42.54,0.7,8.92,97.65,139.68,-23.051000000000002,-6.882000000000005,62.095,37.556000000000004,33.1291
Jute Fiber Packaging,40.09,13.02,8.61,1.06,93.07,59.19,-27.178999999999995,0.3780000000000001,26.555,40.46,25.615900000000003
Palm Leaf Packaging,13.94,13.07,9.04,0.83,90.79,52.55,-26.656000000000002,-12.656,13.504999999999999,39.766000000000005,18.7813
Mushroom Packaging (Mycelium),22.85,11.18,9.96,0.86,97.37,99.69,-28.608999999999998,-26.166000000000004,17.015,42.76000000000001,18.421100000000003
Cornstarch Packaging,27.01,13.39,9.07,2.39,66.46,111.12,-18.265,-28.242000000000008,20.200000000000003,29.733999999999998,12.984799999999998
Aluminum (Recycled),94.26,30.11,1.64,7.32,97.38,158.73,-24.09,-6.935999999999993,62.185,38.144,33.5295
Compostable Mailer,38.6,8.12,9.37,1.74,76.3,118.58,-21.671999999999997,-24.272000000000002,23.36,33.92,16.663999999999998
Palm Leaf Packaging,23.43,10.0,9.01,0.99,97.04,53.72,-28.419,-7.43,16.715,42.222,21.8789
Palm Leaf Packaging,18.75,11.21,9.32,1.38,94.48,45.72,-27.378,-7.038,14.98,41.244,20.935199999999995
Biodegradable Plastic (PLA),32.82,11.8,9.13,2.49,67.37,94.44,-18.468000000000004,-18.084000000000003,22.310000000000002,30.102000000000004,15.8004
Corrugated Cardboard,25.23,8.64,9.49,1.24,91.42,30.58,-26.558,2.9060000000000006,16.935000000000002,40.11600000000001,23.008100000000006
Seaweed-Based Film,32.1,8.8,9.92,1.46,92.5,61.43,-26.728,-5.312000000000001,20.450000000000003,40.676,22.621000000000002
Bamboo Fiber,29.26,15.37,9.35,1.12,91.57,54.81,-26.686999999999998,-4.368000000000002,22.315,40.144000000000005,23.2015
Bamboo Fiber,32.06,10.14,8.83,0.92,85.36,53.5,-24.964000000000002,-2.1640000000000015,21.1,37.492000000000004,22.1376
Glass (Recycled),66.74,28.43,2.9,4.87,97.18,51.6,-25.745,19.403999999999996,47.584999999999994,39.05800000000001,35.0227
Glass (Recycled),82.94,25.52,1.56,4.53,99.47,58.93,-26.669999999999998,26.191999999999993,54.23,39.50600000000001,38.693200000000004
Jute Fiber Packaging,31.24,15.76,9.67,1.19,89.98,54.09,-26.161,-2.892000000000003,23.5,39.62200000000001,23.590400000000002
Sugarcane Bagasse,18.74,10.73,9.33,1.38,87.69,44.27,-25.340999999999998,-6.464000000000004,14.735,38.532,19.755499999999994
Corrugated Cardboard,15.19,9.4,9.12,1.87,84.98,35.4,-24.185,-5.046000000000001,12.295,37.266,18.696099999999998
Bamboo Fiber,34.72,16.58,8.73,1.43,90.39,55.65,-26.116,-1.4280000000000044,25.65,39.361999999999995,24.441199999999995
Biodegradable Plastic (PLA),32.48,11.76,8.67,2.65,65.0,100.83,-17.645,-20.844000000000005,22.119999999999997,28.938,14.677599999999998
Sugarcane Bagasse,21.62,10.07,9.97,0.88,88.95,58.24,-26.069,-10.324000000000003,15.845,39.392,19.7201
Jute Fiber Packaging,34.72,9.55,9.61,1.41,89.23,56.06,-25.782000000000004,-1.5920000000000059,22.134999999999998,39.254000000000005,23.2547
Cornstarch Packaging,40.97,9.06,9.56,1.77,72.42,125.1,-20.487,-25.458000000000002,25.015,32.438,16.2417
Seaweed-Based Film,22.01,12.84,9.59,1.23,86.02,72.67,-24.944999999999997,-15.862,17.425,37.998,18.4435
Recycled Paperboard,20.51,10.05,9.06,1.67,94.28,25.64,-27.115,2.0500000000000007,15.280000000000001,41.002,22.717600000000004
Glass (Recycled),75.2,17.48,1.59,5.07,98.8,42.05,-26.090999999999998,28.299999999999997,46.34,39.142,36.522800000000004
Sugarcane Bagasse,34.98,16.22,9.37,1.45,95.76,81.83,-27.713,-11.744000000000003,25.599999999999998,41.762,23.402399999999997
Seaweed-Based Film,23.4,13.59,9.92,1.26,94.48,91.7,-27.462,-22.64,18.494999999999997,41.508,18.9653
Recycled Paperboard,25.52,7.77,7.89,1.48,85.03,39.68,-24.473,-0.5600000000000005,16.645,36.872,20.837699999999998
Cornstarch Packaging,37.2,14.34,9.45,2.34,83.94,104.81,-23.543999999999997,-19.604000000000006,25.770000000000003,36.888000000000005,19.5854
Molded Pulp,37.2,14.34,9.45,2.34,83.94,104.81,-23.543999999999997,-19.604000000000006,25.770000000000003,36.888000000000005,19.5854
Cornstarch Packaging,29.54,10.84,9.52,2.6,72.69,81.26,-19.987,-14.780000000000005,20.189999999999998,32.364,16.807599999999997
Bamboo Fiber,25.93,11.93,9.56,1.39,90.46,69.34,-26.165,-12.178000000000004,18.93,39.73,20.3954
Sugarcane Bagasse,25.04,8.68,9.72,1.39,87.33,88.0,-25.226,-20.176000000000002,16.86,38.542,17.6306
Glass (Recycled),52.77,30.49,1.26,5.3,95.79,46.2,-25.027,13.181999999999999,41.63,37.76,31.458800000000004
Molded Pulp,52.77,30.49,1.26,5.3,95.79,46.2,-25.027,13.181999999999999,41.63,37.76,31.458800000000004
Corrugated Cardboard,25.08,8.22,8.85,1.84,83.76,34.37,-23.84,1.299999999999999,16.65,36.676,21.0258
Bamboo Fiber,36.85,13.78,9.86,0.91,91.74,51.04,-26.884999999999998,1.693999999999999,25.315,40.458,25.447699999999998
Aluminum (Recycled),72.24,32.45,0.96,7.71,98.11,143.36,-24.036,-14.000000000000014,52.345,38.086,29.136499999999995
Glass (Recycled),64.97,32.67,1.14,5.18,96.43,48.66,-25.303000000000004,19.518,48.82,37.992000000000004,35.0078
Recycled PET (rPET),48.3,24.94,2.17,3.56,89.17,109.25,-24.259,-14.720000000000006,36.62,35.824,23.640999999999995
Corrugated Cardboard,26.35,11.9,7.9,1.53,91.26,26.52,-26.307,5.202,19.125,39.358000000000004,23.846700000000006
Jute Fiber Packaging,28.14,10.13,9.15,1.49,85.68,60.37,-24.661,-7.263999999999999,19.135,37.634,20.5101
Seaweed-Based Film,23.85,8.15,9.74,1.26,90.5,60.79,-26.267999999999997,-10.006000000000002,16.0,39.844,20.005599999999998
Jute Fiber Packaging,26.01,11.05,8.81,1.19,87.69,55.75,-25.474,-6.694000000000001,18.53,38.362,20.8236
Compostable Mailer,36.04,12.21,9.28,1.62,66.51,127.57,-18.819,-29.404,24.125,29.992,14.118099999999998
Molded Pulp,36.04,12.21,9.28,1.62,66.51,127.57,-18.819,-29.404,24.125,29.992,14.118099999999998
Glass (Recycled),65.63,23.64,2.2,4.94,98.24,45.35,-26.013999999999996,21.237999999999992,44.635,39.188,34.597300000000004
Corrugated Cardboard,25.43,6.7,8.91,1.69,84.69,29.07,-24.224,3.629999999999999,16.065,37.102,21.520899999999997
Jute Fiber Packaging,36.07,13.81,9.92,0.96,86.55,68.89,-25.293,-5.9140000000000015,24.94,38.395999999999994,22.876599999999996
Seaweed-Based Film,27.76,10.68,9.2,1.17,94.11,80.81,-27.414,-15.668000000000006,19.22,41.089999999999996,20.442199999999996
Cornstarch Packaging,33.85,11.87,9.26,1.88,74.01,127.88,-20.887,-30.842000000000002,22.86,32.932,14.746599999999999
Glass (Recycled),78.99,23.33,1.38,5.01,99.89,42.04,-26.46,30.578,51.16,39.506,38.6074
Aluminum (Recycled),89.76,28.95,0.64,8.5,99.57,147.36,-23.920999999999996,-5.088000000000008,59.355000000000004,38.384,33.0883
Jute Fiber Packaging,30.25,8.18,9.59,0.91,90.89,62.27,-26.63,-6.758000000000003,19.215,40.01,21.741899999999998
Aluminum (Recycled),77.08,34.14,1.57,7.18,96.0,165.1,-23.773999999999997,-19.79200000000001,55.61,37.592000000000006,28.756999999999998
Mushroom Packaging (Mycelium),21.08,8.62,9.27,0.9,85.81,67.54,-25.113,-14.368000000000007,14.849999999999998,37.852000000000004,17.959600000000002
Molded Pulp,21.08,8.62,9.27,0.9,85.81,67.54,-25.113,-14.368000000000007,14.849999999999998,37.852000000000004,17.959600000000002
Sugarcane Bagasse,28.41,12.97,9.67,0.76,97.37,90.31,-28.679,-19.078000000000003,20.69,42.66400000000001,20.926400000000005
Glass (Recycled),74.0,27.36,2.87,4.82,96.0,52.34,-25.426,23.463999999999995,50.68,38.58400000000001,36.5572
Corrugated Cardboard,25.61,10.77,8.54,1.25,85.57,38.81,-24.795999999999996,-0.15800000000000125,18.189999999999998,37.394,21.602799999999995
Jute Fiber Packaging,36.29,20.09,8.9,1.12,93.95,63.33,-27.401,-3.5580000000000034,28.189999999999998,40.91600000000001,25.5004
Compostable Mailer,33.85,16.36,9.32,1.87,79.11,101.38,-22.424,-20.242,25.105,34.998,18.467299999999998
Aluminum (Recycled),109.93,25.4,1.9,7.13,99.12,141.7,-24.745,9.277999999999999,67.665,38.982,38.798700000000004
Palm Leaf Packaging,23.06,9.91,9.3,1.1,85.73,69.47,-24.949,-13.952000000000002,16.485,37.792,18.4825
Biodegradable Plastic (PLA),32.53,16.33,9.35,1.89,68.19,88.02,-19.133999999999997,-15.689999999999998,24.43,30.637999999999998,17.2092
Sugarcane Bagasse,28.95,10.68,9.81,1.25,86.44,57.35,-25.057,-5.570000000000004,19.814999999999998,38.25,21.316899999999997
Biodegradable Plastic (PLA),29.57,9.52,9.17,2.3,72.14,97.69,-20.032,-21.334,19.545,32.064,15.2223
Compostable Mailer,37.41,13.64,8.9,2.87,84.06,96.34,-23.209,-16.090000000000003,25.525,36.61000000000001,20.064300000000003
Biodegradable Plastic (PLA),35.43,5.34,9.72,2.81,67.05,99.64,-18.148,-18.598000000000003,20.384999999999998,30.146,15.069299999999998
Palm Leaf Packaging,25.88,15.97,9.19,1.39,93.8,90.27,-27.166999999999998,-20.58,20.925,40.918000000000006,19.8703
Palm Leaf Packaging,27.1,11.21,9.44,1.19,87.08,80.42,-25.291,-15.907999999999998,19.155,38.370000000000005,19.1341
Corrugated Cardboard,24.67,7.16,7.96,1.29,82.48,25.03,-23.841,4.789999999999999,15.915000000000001,35.918,21.2761
Compostable Mailer,39.88,14.76,9.17,1.74,66.67,80.96,-18.783,-8.456,27.32,29.988000000000003,19.2578
Mushroom Packaging (Mycelium),21.45,7.48,9.11,0.88,91.75,76.47,-26.909,-17.718000000000004,14.465,40.168,18.228099999999998
Bamboo Fiber,26.49,11.31,8.83,1.48,91.16,61.14,-26.311999999999998,-8.562000000000005,18.9,39.699999999999996,21.129999999999995
Seaweed-Based Film,17.07,6.24,9.54,1.26,94.13,50.3,-27.356999999999996,-9.878000000000002,11.655000000000001,41.216,19.3571
Corrugated Cardboard,15.09,9.01,9.24,1.71,87.99,26.73,-25.2,-1.638,12.05,38.55,19.8924
Recycled Paperboard,20.22,9.51,8.17,1.31,90.38,28.09,-26.196999999999996,0.895999999999999,14.864999999999998,39.158,21.6255
Bamboo Fiber,35.43,12.3,8.81,1.2,89.19,50.36,-25.916999999999998,1.1139999999999972,23.865000000000002,38.96,24.2537
Molded Pulp,35.43,12.3,8.81,1.2,89.19,50.36,-25.916999999999998,1.1139999999999972,23.865000000000002,38.96,24.2537
Aluminum (Recycled),116.21,23.33,1.44,8.38,96.27,130.4,-23.014999999999997,17.565999999999995,69.77,37.408,40.2696
Recycled Paperboard,23.84,12.52,9.17,1.86,92.65,32.28,-26.493000000000002,1.3919999999999995,18.18,40.356,23.137800000000002
Glass (Recycled),78.77,21.87,1.9,4.28,99.27,57.65,-26.785,24.20199999999999,50.32,39.611999999999995,37.177
Molded Pulp,78.77,21.87,1.9,4.28,99.27,57.65,-26.785,24.20199999999999,50.32,39.611999999999995,37.177
Sugarcane Bagasse,21.0,9.87,9.39,1.34,96.72,52.21,-28.078,-8.284,15.434999999999999,42.176,21.2421
Glass (Recycled),76.79,13.77,2.94,4.1,98.24,41.48,-26.601999999999997,29.482000000000006,45.28,39.652,36.6964
Mushroom Packaging (Mycelium),31.0,9.02,9.43,1.5,92.27,59.27,-26.630999999999997,-5.108000000000004,20.009999999999998,40.38,22.4216
Aluminum (Recycled),83.65,22.86,1.06,7.14,96.85,148.57,-24.056999999999995,-9.237999999999992,53.255,37.736000000000004,30.2611
Glass (Recycled),77.18,31.37,2.42,4.01,96.09,53.23,-26.02,25.016,54.275000000000006,38.60200000000001,38.0703
Bamboo Fiber,31.19,12.98,9.71,1.36,90.48,51.33,-26.192,-1.8180000000000014,22.085,39.804,23.441499999999998
Molded Pulp,31.19,12.98,9.71,1.36,90.48,51.33,-26.192,-1.8180000000000014,22.085,39.804,23.441499999999998
Aluminum (Recycled),94.57,38.73,1.67,8.5,99.02,150.72,-23.755999999999997,-3.5460000000000065,66.64999999999999,38.576,35.60979999999999
Mushroom Packaging (Mycelium),27.05,8.28,9.62,1.29,87.21,51.7,-25.259999999999998,-4.450000000000003,17.665,38.474,21.0037
Cornstarch Packaging,36.48,13.39,9.68,2.64,76.94,112.71,-21.233999999999998,-23.196000000000005,24.935,34.12,17.324099999999994
Aluminum (Recycled),91.91,35.65,1.45,7.31,97.37,158.66,-24.094,-8.318000000000005,63.78,38.066,33.709
Sugarcane Bagasse,20.76,8.7,9.31,0.89,87.79,65.49,-25.714,-13.739999999999997,14.73,38.662000000000006,18.4124
Recycled Paperboard,23.05,10.8,7.88,1.26,90.44,30.74,-26.249999999999996,1.5340000000000007,16.925,39.076,22.3571
Mushroom Packaging (Mycelium),27.55,12.06,9.8,0.92,94.0,55.84,-27.556,-5.806000000000001,19.805,41.336000000000006,22.692300000000003
Glass (Recycled),71.37,27.77,1.65,4.4,95.95,53.89,-25.705,21.266000000000002,49.57,38.16,35.71319999999999
Corrugated Cardboard,24.39,6.27,8.03,1.73,92.22,36.67,-26.455000000000002,-0.034000000000000696,15.33,39.754,21.8094
Bamboo Fiber,29.21,14.75,8.63,1.32,88.68,58.65,-25.680000000000003,-5.934000000000001,21.98,38.66,22.141199999999998
Corrugated Cardboard,24.05,5.87,7.58,1.73,84.85,38.47,-24.244,-0.9580000000000002,14.96,36.626,20.133000000000003
Recycled PET (rPET),53.02,22.93,4.7,4.49,87.38,115.35,-23.070999999999998,-14.328,37.975,35.934,23.9213
Seaweed-Based Film,27.35,6.93,9.07,0.78,97.99,59.6,-28.851,-7.430000000000003,17.14,42.668,22.226599999999998
Sugarcane Bagasse,28.78,11.22,9.86,1.5,88.14,42.42,-25.392,0.3000000000000007,20.0,38.900000000000006,22.8084
Palm Leaf Packaging,19.92,9.51,9.02,0.99,95.19,73.97,-27.863999999999997,-17.636000000000003,14.715,41.486,18.9059
Jute Fiber Packaging,36.33,9.06,8.85,0.91,92.64,62.47,-27.154999999999998,-3.1900000000000013,22.695,40.414,23.7257
Palm Leaf Packaging,26.93,12.18,9.56,1.2,96.24,75.22,-28.031999999999996,-13.930000000000003,19.555,42.08,21.310899999999997
Seaweed-Based Film,25.72,10.05,9.76,1.05,94.2,63.35,-27.525000000000002,-9.908000000000005,17.884999999999998,41.374,21.301099999999998
Recycled PET (rPET),58.0,14.4,4.78,4.39,80.13,105.83,-20.965999999999998,-7.532000000000004,36.2,33.086,23.472600000000003
Palm Leaf Packaging,28.13,11.77,9.59,0.74,90.91,80.49,-26.755,-15.317999999999998,19.95,40.05199999999999,20.288
Compostable Mailer,29.71,16.44,9.72,1.75,75.01,114.54,-21.278,-27.990000000000002,23.075000000000003,33.542,15.642699999999998
Recycled PET (rPET),61.07,25.37,2.83,3.23,84.54,107.98,-23.101000000000003,-6.550000000000011,43.22,34.302,26.566799999999997
Seaweed-Based Film,27.81,8.24,9.46,1.23,95.89,50.18,-27.906,-3.386000000000003,18.025,41.894,22.8797
Compostable Mailer,42.77,14.56,9.59,2.7,84.22,106.8,-23.375999999999998,-17.057999999999996,28.665000000000003,36.984,20.9583
Jute Fiber Packaging,21.88,12.11,8.73,1.24,87.77,68.43,-25.463,-14.244000000000005,16.994999999999997,38.352,18.8479
Molded Pulp,21.88,12.11,8.73,1.24,87.77,68.43,-25.463,-14.244000000000005,16.994999999999997,38.352,18.8479
Jute Fiber Packaging,39.02,17.72,9.03,0.93,85.32,58.47,-24.944999999999997,0.02400000000000091,28.37,37.554,24.771
Mushroom Packaging (Mycelium),25.98,8.48,9.88,1.41,93.57,52.67,-27.084,-5.480000000000002,17.23,41.098,21.819200000000002
Aluminum (Recycled),96.3,25.17,0.93,8.61,99.99,131.2,-23.97,5.299999999999997,60.735,38.646,35.668299999999995
Cornstarch Packaging,36.27,14.46,9.77,2.2,81.95,83.12,-23.045,-11.486000000000004,25.365000000000002,36.248000000000005,20.795700000000004
Seaweed-Based Film,22.42,9.61,9.98,1.35,96.08,96.28,-27.878999999999998,-25.060000000000002,16.015,42.153999999999996,18.014499999999998
Sugarcane Bagasse,23.97,8.51,9.07,0.87,87.98,68.15,-25.785000000000004,-12.878000000000005,16.24,38.646,19.047199999999997
Corrugated Cardboard,21.53,8.43,7.83,1.32,94.6,36.39,-27.456,-1.638,14.98,40.70799999999999,21.869999999999994
Cornstarch Packaging,34.69,13.44,8.86,2.7,71.53,94.97,-19.569,-17.174000000000003,24.064999999999998,31.616,17.1833
Seaweed-Based Film,22.56,9.3,9.26,0.98,93.76,43.75,-27.442,-3.9640000000000004,15.93,41.01200000000001,21.7782
Aluminum (Recycled),95.95,26.66,0.72,7.69,99.32,136.2,-24.412999999999997,3.0900000000000034,61.305,38.477999999999994,35.435500000000005
Biodegradable Plastic (PLA),34.84,9.45,8.89,2.35,81.08,86.86,-22.679,-13.84,22.145000000000003,35.518,19.066699999999997
Bamboo Fiber,32.74,21.08,8.72,1.27,87.74,59.76,-25.433,-4.259999999999998,26.91,38.33,23.8066
Cornstarch Packaging,34.6,9.5,8.9,2.73,66.14,100.93,-17.930999999999997,-19.612000000000005,22.05,29.470000000000006,15.1198
Bamboo Fiber,38.96,12.04,9.36,1.3,92.77,67.24,-26.921,-3.5199999999999996,25.5,40.592,24.5078
Cornstarch Packaging,36.97,6.22,9.59,2.98,82.79,98.57,-22.751,-17.246,21.595,36.35600000000001,18.4863
Seaweed-Based Film,24.76,7.19,9.74,1.09,91.28,90.29,-26.621,-21.260000000000005,15.975000000000001,40.19,17.921699999999998
Molded Pulp,24.76,7.19,9.74,1.09,91.28,90.29,-26.621,-21.260000000000005,15.975000000000001,40.19,17.921699999999998
Biodegradable Plastic (PLA),39.76,10.9,9.03,1.99,74.08,118.12,-20.831,-23.392000000000007,25.33,32.846,16.940599999999996
Corrugated Cardboard,22.27,8.4,9.4,1.34,88.52,33.69,-25.618,-0.11399999999999899,15.335,38.9,21.371299999999998
Mushroom Packaging (Mycelium),36.09,9.68,9.23,1.14,89.84,79.7,-26.154000000000003,-10.226000000000003,22.885,39.4,21.8711
Seaweed-Based Film,26.08,7.81,9.19,0.92,87.84,50.97,-25.708000000000002,-4.740000000000004,16.945,38.62800000000001,20.8655
Mushroom Packaging (Mycelium),22.26,11.67,9.93,1.48,92.43,48.58,-26.693,-6.076000000000002,16.965,40.648,21.4073
Sugarcane Bagasse,31.09,8.97,9.37,0.77,92.24,90.71,-27.132999999999996,-17.63,20.03,40.489999999999995,20.0566
Compostable Mailer,32.34,13.45,9.37,1.83,69.36,123.7,-19.527,-30.076000000000004,22.895000000000003,31.126,14.096499999999999
Cornstarch Packaging,30.81,9.34,8.5,2.81,80.85,111.37,-22.288,-26.062000000000005,20.075,35.178,15.821099999999994
Jute Fiber Packaging,29.45,14.38,9.19,1.11,85.94,59.72,-25.005,-6.2180000000000035,21.915,37.83,21.680899999999998
Molded Pulp,29.45,14.38,9.19,1.11,85.94,59.72,-25.005,-6.2180000000000035,21.915,37.83,21.680899999999998
Seaweed-Based Film,20.32,8.66,9.24,1.43,91.08,67.98,-26.322999999999997,-15.000000000000004,14.49,39.842,18.5642
Sugarcane Bagasse,21.97,10.92,9.49,1.04,92.76,99.97,-27.099999999999998,-26.806,16.445,40.69200000000001,17.1999
Bamboo Fiber,29.9,17.17,9.74,1.0,85.3,54.09,-24.89,-3.696000000000005,23.535,37.815999999999995,22.644099999999998
Molded Pulp,29.9,17.17,9.74,1.0,85.3,54.09,-24.89,-3.696000000000005,23.535,37.815999999999995,22.644099999999998
Recycled Paperboard,23.42,4.74,8.73,1.93,87.65,32.52,-24.944000000000003,1.0439999999999987,14.080000000000002,38.166,20.8714
Compostable Mailer,24.58,17.17,9.59,1.74,65.5,102.45,-18.432,-26.232000000000006,20.875,29.688000000000002,13.608899999999998
Recycled PET (rPET),51.58,21.32,3.82,3.42,77.6,101.39,-20.886,-9.608000000000008,36.45,31.883999999999997,22.755799999999997
Mushroom Packaging (Mycelium),22.75,12.51,9.75,0.8,95.05,54.22,-27.955,-8.038000000000002,17.63,41.760000000000005,21.8004
Glass (Recycled),75.48,34.24,2.86,4.58,95.33,40.38,-25.393,29.136000000000003,54.86,38.36,38.8718
Compostable Mailer,35.49,15.89,9.51,1.85,71.9,81.51,-20.275,-11.310000000000006,25.69,32.19400000000001,19.1582
Recycled Paperboard,23.28,9.5,9.37,1.41,89.17,35.18,-25.764000000000003,-0.10400000000000098,16.39,39.134,21.7892
Palm Leaf Packaging,29.35,9.09,9.95,1.41,94.61,56.65,-27.396,-5.050000000000001,19.22,41.542,22.6978
Seaweed-Based Film,29.38,12.95,9.99,0.95,89.42,44.74,-26.161,-0.2680000000000007,21.165,39.574000000000005,23.4003
Seaweed-Based Film,16.8,9.22,9.34,1.37,97.16,51.14,-28.188999999999997,-10.376000000000003,13.010000000000002,42.326,20.1634
Mushroom Packaging (Mycelium),28.2,9.62,9.06,0.77,87.12,75.71,-25.596999999999998,-13.364,18.91,38.318000000000005,19.615000000000002
Bamboo Fiber,32.34,4.03,8.87,1.18,91.62,65.02,-26.66,-6.603999999999999,18.185000000000002,39.96000000000001,21.454700000000003
Biodegradable Plastic (PLA),37.33,16.56,9.68,2.73,80.14,82.78,-22.130999999999997,-10.714000000000002,26.945,35.382000000000005,20.981499999999997
Aluminum (Recycled),80.51,40.48,1.1,8.77,99.48,166.37,-23.705000000000002,-18.241999999999997,60.495000000000005,38.478,30.784500000000005
Mushroom Packaging (Mycelium),30.68,7.79,9.27,0.85,87.4,60.53,-25.625000000000004,-5.804000000000006,19.235,38.498,21.284099999999995
Biodegradable Plastic (PLA),41.12,11.22,8.66,2.6,75.63,94.4,-20.868999999999996,-13.088000000000008,26.169999999999998,33.196,19.365999999999993
Molded Pulp,41.12,11.22,8.66,2.6,75.63,94.4,-20.868999999999996,-13.088000000000008,26.169999999999998,33.196,19.365999999999993
Biodegradable Plastic (PLA),25.44,11.79,9.27,2.15,68.29,85.83,-18.982000000000003,-19.068,18.615000000000002,30.594,14.7455
Seaweed-Based Film,29.56,10.21,9.34,1.29,93.56,95.89,-27.165000000000003,-20.620000000000005,19.884999999999998,40.901999999999994,19.545099999999994
Molded Pulp,29.56,10.21,9.34,1.29,93.56,95.89,-27.165000000000003,-20.620000000000005,19.884999999999998,40.901999999999994,19.545099999999994
Glass (Recycled),72.11,31.36,2.31,5.35,97.0,46.54,-25.354999999999997,24.65,51.735,38.654,37.1177
Glass (Recycled),69.02,25.47,2.15,4.7,95.59,59.61,-25.387,17.567999999999998,47.245,38.156000000000006,34.2113
Cornstarch Packaging,42.58,13.81,8.54,2.49,75.65,85.16,-20.952,-8.516000000000002,28.195,33.178000000000004,20.8991
Glass (Recycled),72.06,18.79,1.59,5.41,99.09,59.67,-25.94,19.367999999999995,45.425,39.190000000000005,34.4461
Bamboo Fiber,24.37,10.42,8.58,0.93,91.92,59.16,-26.925,-9.042000000000002,17.395,40.014,20.7993
Palm Leaf Packaging,27.78,7.33,9.25,1.16,89.67,89.41,-26.089,-19.096000000000004,17.555,39.336000000000006,18.465899999999998
Aluminum (Recycled),89.06,37.95,1.03,7.73,99.03,143.13,-24.298000000000002,-3.8160000000000025,63.505,38.478,34.6913
Seaweed-Based Film,17.4,4.34,9.84,0.88,89.95,88.5,-26.369,-24.96,10.87,39.74,15.4648
Seaweed-Based Film,22.94,12.31,9.46,0.94,97.12,47.12,-28.477999999999998,-5.083999999999998,17.625,42.444,22.699499999999997
Bamboo Fiber,32.76,14.35,9.3,0.92,89.76,58.15,-26.284000000000002,-3.6040000000000028,23.555,39.440000000000005,23.4345
Recycled PET (rPET),57.72,16.07,4.91,3.84,85.72,92.05,-23.028,-2.1880000000000024,36.894999999999996,35.484,25.8817
Biodegradable Plastic (PLA),30.19,11.38,9.3,2.91,78.24,83.84,-21.435,-15.422,20.785,34.434,17.7683
Aluminum (Recycled),97.15,17.7,1.1,8.67,99.07,154.47,-23.651999999999997,-3.4980000000000047,57.425000000000004,38.333999999999996,32.7585
Bamboo Fiber,26.51,10.87,8.66,1.11,89.13,63.52,-25.961999999999996,-9.502,18.69,38.894,20.567199999999996
Cornstarch Packaging,32.22,12.61,9.01,1.77,68.14,121.37,-19.203,-29.216000000000005,22.415,30.506,13.8737
Glass (Recycled),69.25,22.35,1.34,5.32,97.79,44.63,-25.613,23.697999999999997,45.8,38.58800000000001,35.1786
Jute Fiber Packaging,39.02,13.06,9.94,1.03,93.86,68.69,-27.436999999999998,-4.0639999999999965,26.040000000000003,41.314,24.8808
Bamboo Fiber,32.9,15.08,9.44,1.14,92.52,60.63,-26.958,-4.512000000000004,23.99,40.556000000000004,23.852999999999998
Glass (Recycled),64.14,34.09,2.46,5.24,95.73,56.66,-25.051000000000002,15.82,49.115,38.228,34.3771
Recycled Paperboard,26.6,9.28,8.36,1.5,93.73,28.77,-27.069,4.452,17.94,40.53600000000001,23.847
Jute Fiber Packaging,31.77,16.66,9.27,1.09,90.73,56.5,-26.456,-3.538000000000004,24.215,39.782,23.7827
Bamboo Fiber,31.62,14.26,9.59,1.11,91.71,66.11,-26.735999999999997,-7.472000000000001,22.94,40.297999999999995,22.8242
Bamboo Fiber,31.48,14.74,9.67,1.06,94.9,50.52,-27.728,-1.3200000000000038,23.11,41.616,24.6994
Molded Pulp,31.48,14.74,9.67,1.06,94.9,50.52,-27.728,-1.3200000000000038,23.11,41.616,24.6994
Mushroom Packaging (Mycelium),33.25,12.14,9.69,0.8,97.2,50.87,-28.6,-0.3979999999999997,22.695,42.596000000000004,25.2277
Aluminum (Recycled),77.07,33.43,0.96,8.09,97.09,136.41,-23.464,-8.322000000000003,55.25,37.602000000000004,30.884
Aluminum (Recycled),86.99,22.74,1.64,8.8,95.42,145.72,-22.466,-6.094000000000008,54.864999999999995,37.064,30.853099999999998
Recycled Paperboard,26.15,12.31,7.83,1.39,80.36,37.52,-23.135,0.681999999999995,19.23,34.998,21.031799999999997
Compostable Mailer,37.46,10.93,9.7,2.13,66.01,81.97,-18.312,-10.312000000000005,24.195,29.858000000000004,17.815900000000003
Cornstarch Packaging,25.45,15.95,8.54,2.37,65.23,119.37,-17.91,-32.47800000000001,20.7,29.034000000000002,12.006599999999999
Aluminum (Recycled),89.11,29.77,1.38,7.8,99.87,151.77,-24.500999999999998,-7.242000000000004,59.44,38.940000000000005,32.965799999999994
Molded Pulp,89.11,29.77,1.38,7.8,99.87,151.77,-24.500999999999998,-7.242000000000004,59.44,38.940000000000005,32.965799999999994
Cornstarch Packaging,39.76,8.94,8.85,2.86,72.49,107.49,-19.744999999999997,-19.140000000000004,24.349999999999998,31.964000000000002,17.015199999999997
Recycled Paperboard,22.7,7.79,9.16,1.84,83.36,28.39,-23.72,2.2639999999999976,15.245,36.64,20.762299999999996
Cornstarch Packaging,34.45,9.31,8.94,2.81,66.67,90.56,-18.034000000000002,-15.554000000000002,21.880000000000003,29.682000000000002,15.9646
Sugarcane Bagasse,10.47,9.25,9.33,1.02,91.89,49.68,-26.853,-13.59,9.86,40.284,17.6958
Molded Pulp,10.47,9.25,9.33,1.02,91.89,49.68,-26.853,-13.59,9.86,40.284,17.6958
Compostable Mailer,41.64,12.94,9.49,1.73,67.98,93.41,-19.183000000000003,-12.379999999999999,27.29,30.642000000000003,18.7402
Cornstarch Packaging,29.23,6.74,9.38,1.59,65.69,99.6,-18.593999999999998,-22.302000000000003,17.985,29.709999999999997,13.566899999999999
Compostable Mailer,30.27,13.82,9.33,1.89,82.72,124.78,-23.493,-31.750000000000007,22.045,36.442,15.894699999999997
Palm Leaf Packaging,19.99,8.5,9.41,0.89,93.74,89.56,-27.498999999999995,-23.830000000000005,14.245,41.08200000000001,17.3319
Mushroom Packaging (Mycelium),29.89,11.04,9.4,0.83,94.59,61.63,-27.796,-6.718,20.465,41.43000000000001,22.784100000000002
Glass (Recycled),60.43,29.47,1.16,5.49,95.78,59.77,-24.891,12.349999999999994,44.95,37.678000000000004,32.2366
Recycled Paperboard,25.68,12.66,9.23,1.43,87.02,34.29,-25.104999999999997,1.6919999999999984,19.17,38.214,22.5746
Sugarcane Bagasse,17.32,6.24,9.33,1.15,96.06,52.09,-28.012999999999998,-10.444000000000003,11.780000000000001,41.92600000000001,19.625600000000002
Recycled PET (rPET),56.11,21.7,4.47,3.83,86.69,90.49,-23.325999999999997,-2.530000000000001,38.905,35.698,26.5401
Biodegradable Plastic (PLA),30.24,9.97,9.49,1.88,82.31,85.14,-23.377000000000002,-15.912000000000006,20.105,36.344,18.427699999999998
Recycled Paperboard,25.7,9.9,8.15,1.74,88.91,34.05,-25.455,1.799999999999999,17.8,38.476,22.3338
Sugarcane Bagasse,28.68,13.56,9.43,0.92,94.99,53.58,-27.852999999999998,-4.224000000000004,21.12,41.584,23.537
Corrugated Cardboard,19.85,10.51,8.75,1.8,83.28,25.9,-23.723999999999997,1.5500000000000007,15.18,36.452000000000005,20.5444
Cornstarch Packaging,36.42,9.04,9.6,1.57,79.68,97.07,-22.805,-16.976000000000003,22.73,35.398,18.6042
Glass (Recycled),76.23,24.8,1.66,4.7,95.07,41.63,-25.230999999999998,29.086,50.515,37.752,37.3435
Bamboo Fiber,27.72,18.73,9.32,1.0,87.96,63.28,-25.688,-8.680000000000003,23.225,38.711999999999996,21.982699999999998
Recycled PET (rPET),56.11,23.75,3.69,3.75,76.04,92.7,-20.187,-3.4140000000000086,39.93,31.142000000000003,24.6762
Glass (Recycled),56.65,30.29,2.83,4.61,95.72,54.29,-25.488999999999997,12.273999999999994,43.47,38.498000000000005,32.143
Compostable Mailer,36.14,6.43,9.41,2.85,80.84,113.82,-22.256999999999998,-23.843999999999998,21.285,35.53000000000001,16.727100000000004
Palm Leaf Packaging,26.84,10.3,9.3,0.7,88.54,53.07,-26.072000000000003,-5.124000000000002,18.57,38.996,21.459400000000002
Recycled PET (rPET),62.12,25.75,3.78,3.02,85.93,99.71,-23.665,-2.612000000000002,43.935,35.28000000000001,27.9751
Jute Fiber Packaging,34.66,18.82,9.01,0.98,85.94,66.63,-25.096,-5.856000000000005,26.74,37.784,23.205199999999998
Biodegradable Plastic (PLA),36.16,13.94,8.63,2.1,79.58,118.99,-22.404,-25.900000000000006,25.049999999999997,34.864,17.274999999999995
Jute Fiber Packaging,28.33,17.07,8.88,0.91,90.4,67.02,-26.483,-9.810000000000002,22.7,39.53,22.003600000000002
Recycled Paperboard,23.24,10.11,8.53,1.27,88.23,30.7,-25.580000000000002,1.663999999999998,16.674999999999997,38.45,21.986299999999996
Glass (Recycled),57.51,32.52,1.48,4.14,96.57,41.93,-26.072999999999997,17.733999999999998,45.015,38.391999999999996,33.7835
Seaweed-Based Film,32.09,5.02,9.87,1.5,92.58,88.75,-26.723999999999997,-16.246,18.555,40.68000000000001,19.866100000000003
Compostable Mailer,28.96,8.77,9.02,2.51,78.64,95.76,-21.835,-20.928,18.865000000000002,34.562,16.2095
Recycled Paperboard,24.02,7.12,7.76,1.66,90.4,35.51,-25.958000000000002,0.2079999999999984,15.57,38.932,21.5838
Corrugated Cardboard,24.6,9.72,8.5,1.78,89.29,27.8,-25.541000000000004,3.639999999999999,17.16,38.76,22.612199999999998
Glass (Recycled),86.69,19.93,2.7,4.29,95.63,59.27,-25.685999999999996,28.305999999999994,53.31,38.474000000000004,38.333600000000004
Jute Fiber Packaging,31.78,10.05,9.38,1.22,85.86,51.14,-24.904,-1.3880000000000017,20.915,37.852000000000004,22.3333
Jute Fiber Packaging,32.78,10.29,9.32,1.04,91.38,66.4,-26.685999999999996,-6.892000000000003,21.535,40.072,22.440900000000003
Compostable Mailer,34.99,10.23,9.4,1.88,71.16,110.68,-20.032,-23.278000000000006,22.61,31.847999999999995,15.688199999999995
Recycled PET (rPET),64.54,22.3,3.09,3.96,81.99,95.7,-21.825,0.4440000000000026,43.42,33.239999999999995,27.4518
Recycled PET (rPET),58.02,27.19,3.08,4.37,75.31,99.47,-19.534,-4.976000000000006,42.605000000000004,30.482000000000003,24.8377
Biodegradable Plastic (PLA),29.87,15.69,9.38,2.09,80.13,102.71,-22.575999999999997,-23.162000000000003,22.78,35.386,17.3326
Glass (Recycled),75.43,24.32,1.5,4.18,97.92,59.39,-26.45,21.502000000000002,49.875,38.93200000000001,36.2325
Glass (Recycled),65.25,24.17,1.68,4.76,95.81,53.16,-25.410999999999998,17.886,44.71,38.044000000000004,33.485600000000005
Aluminum (Recycled),78.47,19.88,0.67,8.77,97.07,145.49,-22.981999999999996,-11.114000000000004,49.175,37.342000000000006,28.3287
Recycled PET (rPET),50.75,27.81,3.94,3.09,87.21,118.22,-23.999999999999996,-16.838000000000005,39.28,35.842,23.968999999999998
Sugarcane Bagasse,27.0,10.26,9.15,1.08,92.82,74.9,-27.089999999999996,-13.760000000000005,18.63,40.571999999999996,20.426599999999993
Cornstarch Packaging,26.59,8.93,8.66,2.09,68.25,116.72,-19.011999999999997,-30.734,17.759999999999998,30.346000000000004,12.087399999999999
Biodegradable Plastic (PLA),45.83,15.57,9.63,2.37,71.91,120.15,-19.913999999999998,-20.562000000000005,30.7,32.142,18.723
Mushroom Packaging (Mycelium),20.92,10.16,9.57,1.43,90.15,57.78,-26.044,-10.56,15.540000000000001,39.602000000000004,19.639400000000002
Jute Fiber Packaging,31.7,12.77,9.15,1.26,85.81,68.79,-24.860999999999997,-8.496000000000006,22.235,37.732000000000006,21.2631
Recycled Paperboard,24.52,11.98,9.16,1.26,87.15,34.45,-25.262999999999998,0.9319999999999986,18.25,38.272000000000006,22.1956
Seaweed-Based Film,27.46,11.14,9.28,1.45,86.62,92.51,-24.971,-20.528000000000006,19.3,38.07,18.099599999999995
Bamboo Fiber,33.74,5.4,9.37,1.46,91.72,59.63,-26.494,-3.608000000000004,19.57,40.144,22.491399999999995
Jute Fiber Packaging,29.3,11.79,9.16,1.29,88.81,51.09,-25.740000000000002,-2.856000000000005,20.545,38.93,22.4193
Aluminum (Recycled),98.41,31.25,1.07,7.43,97.21,131.93,-23.961999999999996,6.273999999999987,64.83,37.826,36.843999999999994
Compostable Mailer,37.13,13.25,9.26,2.03,81.0,107.73,-22.879,-20.814000000000004,25.19,35.698,18.6794
Bamboo Fiber,33.78,16.3,9.68,1.26,89.14,69.16,-25.86,-7.396000000000001,25.04,39.275999999999996,22.9876
Cornstarch Packaging,46.36,14.67,8.79,2.44,76.43,89.24,-21.221000000000004,-7.879999999999999,30.515,33.6,21.902700000000003
Palm Leaf Packaging,25.73,8.77,9.76,1.12,87.95,79.99,-25.601000000000003,-16.558,17.25,38.86000000000001,18.641600000000004
Molded Pulp,25.73,8.77,9.76,1.12,87.95,79.99,-25.601000000000003,-16.558,17.25,38.86000000000001,18.641600000000004
Mushroom Packaging (Mycelium),24.44,8.39,9.16,0.85,87.63,63.2,-25.694,-10.616000000000001,16.415,38.546,19.503899999999998
Recycled Paperboard,22.62,7.88,8.52,1.59,85.74,37.59,-24.608999999999998,-1.4640000000000004,15.25,37.386,20.419800000000002
Recycled PET (rPET),55.11,15.31,2.19,3.11,83.61,106.98,-22.906,-9.726000000000006,35.21,33.698,23.3084
Seaweed-Based Film,25.78,12.05,9.96,0.74,86.27,42.64,-25.362999999999996,-1.588000000000001,18.915,38.344,21.932699999999997
Molded Pulp,25.78,12.05,9.96,0.74,86.27,42.64,-25.362999999999996,-1.588000000000001,18.915,38.344,21.932699999999997
Corrugated Cardboard,23.53,6.33,8.79,1.24,94.19,37.63,-27.389,-0.934000000000001,14.93,40.944,22.053199999999997
Mushroom Packaging (Mycelium),22.73,9.56,9.17,0.8,86.6,71.11,-25.419999999999998,-14.806000000000003,16.145,38.148,18.4107
Palm Leaf Packaging,21.41,7.43,9.99,1.25,97.34,48.55,-28.326999999999998,-6.574000000000002,14.42,42.68200000000001,21.4812
Cornstarch Packaging,39.89,5.68,8.6,1.51,78.41,112.09,-22.466,-20.902000000000005,22.785,34.502,17.4989
Recycled Paperboard,22.09,3.79,8.33,1.22,85.03,27.66,-24.655,2.1899999999999995,12.94,37.1,20.381
Molded Pulp,22.09,3.79,8.33,1.22,85.03,27.66,-24.655,2.1899999999999995,12.94,37.1,20.381
Seaweed-Based Film,32.65,11.33,9.32,1.01,88.08,45.82,-25.717,1.2620000000000005,21.99,38.758,23.6202
Recycled PET (rPET),57.98,17.86,4.03,3.82,82.13,117.67,-21.965,-12.280000000000008,37.92,33.699999999999996,23.422999999999995
Biodegradable Plastic (PLA),34.08,10.93,8.95,2.67,84.85,92.03,-23.586,-16.364000000000008,22.505,36.986,19.291699999999995
Bamboo Fiber,32.18,13.15,8.84,1.14,89.1,69.56,-25.932,-8.516000000000002,22.665,38.948,21.9671
Recycled Paperboard,24.5,7.93,8.17,1.78,86.3,33.68,-24.644,1.227999999999998,16.215,37.432,21.268499999999996
Jute Fiber Packaging,33.74,14.43,9.8,0.94,91.92,52.8,-26.918,-0.8760000000000012,24.085,40.5,24.583900000000003
Mushroom Packaging (Mycelium),31.4,5.57,9.4,1.12,97.95,48.11,-28.601,-0.4039999999999999,18.485,42.71600000000001,23.999700000000004
Recycled Paperboard,20.1,12.26,7.77,1.33,94.24,38.19,-27.340999999999998,-3.2159999999999993,16.18,40.538,21.8404
Bamboo Fiber,29.67,9.48,9.5,1.19,89.18,57.16,-25.921000000000003,-5.062000000000001,19.575000000000003,39.234,21.814500000000002
Compostable Mailer,42.49,17.57,8.71,2.21,76.07,108.51,-21.273999999999997,-17.910000000000004,30.03,33.47,19.722799999999996
Aluminum (Recycled),96.79,25.13,0.54,7.71,98.9,152.56,-24.273000000000003,-2.950000000000003,60.96,38.234,34.022800000000004
Molded Pulp,96.79,25.13,0.54,7.71,98.9,152.56,-24.273000000000003,-2.950000000000003,60.96,38.234,34.022800000000004
Glass (Recycled),77.04,19.61,2.13,5.19,98.68,52.2,-25.971,25.344,48.325,39.28600000000001,36.5463
Jute Fiber Packaging,27.55,12.89,8.89,1.15,90.99,60.27,-26.491999999999997,-7.578000000000003,20.22,39.722,21.765400000000003
Jute Fiber Packaging,24.64,12.9,9.6,0.91,90.85,68.83,-26.618,-12.748000000000001,18.77,39.99799999999999,20.404399999999995
Corrugated Cardboard,22.66,6.4,7.68,1.7,88.26,31.11,-25.288,1.1519999999999992,14.530000000000001,38.036,21.0578
Palm Leaf Packaging,29.79,10.1,9.2,0.72,96.2,74.63,-28.355999999999998,-11.978000000000002,19.945,42.016000000000005,21.863899999999997
Glass (Recycled),71.79,29.52,2.62,4.64,98.75,58.26,-26.377,19.770000000000003,50.655,39.620000000000005,36.3119
Recycled PET (rPET),47.38,21.15,2.81,3.3,78.7,99.19,-21.3,-11.248000000000001,34.265,31.944000000000006,21.873100000000004
Recycled PET (rPET),67.75,25.33,3.28,3.92,76.22,92.63,-20.122,3.597999999999999,46.54,31.016000000000002,28.0108
Aluminum (Recycled),90.71,22.24,0.82,7.57,97.0,162.47,-23.801,-10.562000000000005,56.474999999999994,37.614000000000004,30.8745
Corrugated Cardboard,26.21,10.21,9.37,1.22,82.31,38.29,-23.839000000000002,0.40999999999999837,18.21,36.428,21.2412
Palm Leaf Packaging,36.52,7.04,9.66,1.24,97.11,99.82,-28.265,-18.015999999999995,21.78,42.46,21.3218
Glass (Recycled),62.21,30.04,2.76,4.07,96.16,57.95,-25.999,14.145999999999997,46.125,38.754,33.4927
Palm Leaf Packaging,20.88,8.56,9.14,1.39,91.5,80.49,-26.477,-19.668,14.719999999999999,39.978,17.7712
Biodegradable Plastic (PLA),38.91,9.63,9.49,1.97,73.21,90.48,-20.583999999999996,-12.846000000000004,24.27,32.686,18.6344
Mushroom Packaging (Mycelium),25.17,10.22,9.93,0.94,95.16,85.95,-27.889999999999997,-19.278000000000002,17.695,41.848,19.585299999999997
Molded Pulp,25.17,10.22,9.93,0.94,95.16,85.95,-27.889999999999997,-19.278000000000002,17.695,41.848,19.585299999999997
Seaweed-Based Film,20.07,9.43,9.67,1.28,92.48,52.41,-26.848,-8.921999999999999,14.75,40.604000000000006,20.1914
Corrugated Cardboard,17.07,9.09,8.35,1.72,91.18,28.48,-26.150000000000002,-1.1500000000000021,13.08,39.467999999999996,20.7644
Sugarcane Bagasse,17.29,8.73,9.2,1.33,96.82,62.21,-28.114999999999995,-14.510000000000002,13.01,42.142,19.266599999999997
Cornstarch Packaging,37.11,12.8,9.6,1.77,84.13,98.83,-23.999999999999996,-17.266000000000005,24.955,37.138000000000005,19.9747
Palm Leaf Packaging,22.52,9.63,9.49,0.79,88.23,59.02,-25.916,-10.096000000000005,16.075,38.93,19.665499999999998
Compostable Mailer,36.29,12.64,8.89,2.79,82.14,118.23,-22.689,-25.518000000000004,24.465,35.854,17.5299
Recycled PET (rPET),57.67,16.7,4.84,4.02,79.97,105.02,-21.177,-7.406000000000006,37.185,33.12,23.845699999999994
Bamboo Fiber,32.64,19.64,8.68,1.09,93.02,67.23,-27.142999999999997,-7.308000000000003,26.14,40.461999999999996,23.947599999999998
Mushroom Packaging (Mycelium),30.96,7.48,9.75,1.35,97.29,58.78,-28.242,-4.936,19.22,42.546,23.190999999999995
Compostable Mailer,40.15,14.62,9.38,1.88,82.46,88.44,-23.421999999999997,-11.285999999999998,27.384999999999998,36.36000000000001,21.5507
Mushroom Packaging (Mycelium),25.37,9.7,9.48,1.38,89.98,50.1,-26.028,-4.818000000000003,17.535,39.508,21.3549
Jute Fiber Packaging,32.71,16.69,8.78,1.33,90.11,62.09,-26.101999999999997,-5.210000000000001,24.700000000000003,39.290000000000006,23.3754
Palm Leaf Packaging,31.38,9.7,9.83,1.27,86.37,90.33,-25.022000000000002,-17.304,20.54,38.226000000000006,19.173400000000004
Mushroom Packaging (Mycelium),31.09,12.11,9.36,1.4,94.43,46.76,-27.349,-0.05000000000000071,21.6,41.236000000000004,24.310599999999997
Jute Fiber Packaging,35.73,12.33,8.57,1.48,91.79,62.63,-26.501,-3.6140000000000043,24.029999999999998,39.848,23.7408
Glass (Recycled),62.67,20.82,2.88,4.45,98.88,47.86,-26.549,18.457999999999995,41.745000000000005,39.814,33.469100000000005
Bamboo Fiber,33.7,13.12,9.05,1.11,88.44,60.41,-25.755,-3.943999999999999,23.41,38.773999999999994,23.0174
Recycled Paperboard,26.04,8.68,8.51,1.61,82.08,39.74,-23.497,-0.272000000000002,17.36,35.914,20.6272
Mushroom Packaging (Mycelium),24.09,9.79,9.66,1.18,90.4,65.33,-26.294,-11.678000000000003,16.939999999999998,39.788000000000004,19.9416
Recycled Paperboard,21.13,10.17,9.14,1.72,86.28,31.87,-24.68,-0.07000000000000206,15.649999999999999,37.824,20.964199999999998
Cornstarch Packaging,39.29,9.52,9.17,1.98,76.92,129.79,-21.69,-28.342,24.405,34.04,16.2031
Recycled Paperboard,25.38,8.76,8.19,1.24,83.06,31.28,-24.05,2.7159999999999975,17.07,36.252,21.349800000000002
Glass (Recycled),64.28,27.61,1.24,4.1,98.62,58.58,-26.715999999999998,15.135999999999996,45.945,39.12400000000001,33.89110000000001
Palm Leaf Packaging,20.02,9.64,9.51,0.98,89.87,77.28,-26.275000000000002,-18.900000000000006,14.83,39.556000000000004,17.790800000000004
Corrugated Cardboard,21.24,9.66,7.57,2.0,83.49,25.81,-23.647,2.419999999999998,15.45,36.024,20.6556
Jute Fiber Packaging,37.01,11.66,9.01,1.17,91.76,60.18,-26.709000000000003,-1.8660000000000032,24.335,40.074,24.2913
Glass (Recycled),72.22,24.89,1.97,5.48,98.77,44.97,-25.794999999999998,25.344,48.555,39.2,36.5543
Biodegradable Plastic (PLA),36.13,12.05,9.61,1.65,79.13,97.28,-22.583999999999996,-17.234000000000005,24.090000000000003,35.166000000000004,18.846799999999998
Cornstarch Packaging,38.32,10.34,8.94,2.74,65.01,95.39,-17.585,-15.163999999999998,24.33,29.032000000000004,16.492800000000003
Seaweed-Based Film,21.09,8.48,9.07,0.85,92.22,57.48,-27.071,-10.338000000000001,14.785,40.346,19.8859
Recycled Paperboard,17.51,6.54,9.25,1.92,87.39,29.95,-24.872999999999998,-1.4740000000000002,12.025,38.272000000000006,19.768900000000002
Recycled Paperboard,22.55,8.35,8.1,1.46,82.46,36.75,-23.715999999999998,-1.1700000000000017,15.45,35.932,19.9238
Molded Pulp,22.55,8.35,8.1,1.46,82.46,36.75,-23.715999999999998,-1.1700000000000017,15.45,35.932,19.9238
Palm Leaf Packaging,26.58,8.23,9.12,0.76,96.82,51.41,-28.513999999999996,-4.616000000000001,17.405,42.224000000000004,22.6683
Compostable Mailer,35.91,15.91,8.6,2.93,69.94,122.98,-18.930999999999997,-27.64600000000001,25.909999999999997,30.830000000000002,15.278999999999995
Palm Leaf Packaging,26.29,9.52,9.01,1.11,95.0,96.09,-27.723,-22.662000000000006,17.905,41.382,18.798299999999994
Glass (Recycled),68.69,26.06,1.57,4.43,96.89,47.87,-25.966,22.066,47.375,38.498,35.3683
Compostable Mailer,28.91,12.48,9.4,1.75,71.21,105.17,-20.137999999999995,-24.722000000000005,20.695,31.894,14.859899999999996
Seaweed-Based Film,28.27,11.62,9.65,0.82,92.11,45.25,-27.058999999999997,-1.1380000000000017,19.945,40.54,23.3297
Glass (Recycled),59.88,16.03,1.08,4.41,99.78,59.07,-26.846999999999998,12.299999999999997,37.955,39.46200000000001,31.054500000000004
Jute Fiber Packaging,30.47,12.63,8.77,1.14,94.48,52.82,-27.546000000000003,-2.846,21.55,41.072,23.7266
Corrugated Cardboard,21.8,9.54,9.46,1.51,91.63,30.14,-26.432,1.0239999999999991,15.67,40.134,22.2324
Glass (Recycled),60.59,27.44,1.29,5.41,99.59,57.75,-26.09,13.253999999999998,44.015,39.27,32.8543
Seaweed-Based Film,30.91,10.96,9.07,0.97,89.08,78.14,-26.045,-12.71,20.935000000000002,39.065999999999995,20.6673
Mushroom Packaging (Mycelium),20.15,9.2,9.6,1.35,89.97,47.94,-26.046,-7.086,14.674999999999999,39.558,20.061899999999998
Recycled PET (rPET),51.31,17.16,2.9,3.96,84.01,110.88,-22.431,-13.566000000000003,34.235,33.972,22.2351
Palm Leaf Packaging,30.45,9.07,9.2,1.08,95.41,50.81,-27.866999999999997,-2.054000000000002,19.759999999999998,41.628,23.578999999999997
Palm Leaf Packaging,31.48,7.79,9.03,1.25,89.11,43.34,-25.858,1.551999999999996,19.635,39.006,23.0743
Cornstarch Packaging,28.02,13.77,9.0,1.62,67.94,94.9,-19.247999999999998,-21.148000000000003,20.895,30.452,15.024099999999997
Cornstarch Packaging,34.96,11.35,8.66,1.96,83.52,88.08,-23.683999999999997,-14.256,23.155,36.48,19.7761
Aluminum (Recycled),93.2,39.92,1.83,8.11,97.67,137.82,-23.624,0.7920000000000016,66.56,38.178000000000004,36.3046
Bamboo Fiber,27.61,8.57,9.64,1.1,94.52,64.76,-27.586,-9.338000000000005,18.09,41.444,21.5098
Seaweed-Based Film,29.75,10.49,9.05,0.91,91.05,53.62,-26.677999999999997,-3.5980000000000025,20.12,39.858,22.609399999999997
